rvtr,artist,title,playCount,reason,approvedFacts,approvedStories,candidateFacts,candidateStories,researchSources,canBuildCardsReason
RVTR435218,4 Non Blondes,What's Up,50,ready_for_card_assembly,12,5,12,5,5,
RVTR692555,Billy Preston,My Sweet Lord,30,ready_for_card_assembly,17,5,17,5,6,
RVTR254309,Big Country,In A Big Country,23,ready_for_card_assembly,14,8,14,8,7,
RVTR907843,Glass Tiger,Don't Forget Me When I'm Gone,23,ready_for_card_assembly,9,7,9,7,7,
RVTR129172,Rednex,Cotton Eye Joe,22,ready_for_card_assembly,13,9,13,9,6,
RVTR028969,Boston,More Than A Feeling,22,ready_for_card_assembly,15,6,15,6,7,
RVTR846133,Neil Diamond,Sweet Caroline,22,ready_for_card_assembly,18,8,18,8,7,
RVTR096039,Kiss,I Was Made For Lovin' You,22,ready_for_card_assembly,17,6,17,6,7,
RVTR920433,EMF,Unbelievable,21,ready_for_card_assembly,12,6,12,6,7,
RVTR003639,Orleans,Still The One,21,ready_for_card_assembly,13,8,13,8,7,
RVTR900474,Tears For Fears,Shout,21,ready_for_card_assembly,16,7,16,7,7,
RVTR353865,Nickelback,How You Remind Me,21,ready_for_card_assembly,9,6,9,6,7,
RVTR442816,Midnight Oil,Beds Are Burning,21,ready_for_card_assembly,12,6,12,6,6,
RVTR316416,Whitney Houston,I Wanna Dance With Somebody,21,ready_for_card_assembly,15,6,15,6,7,
RVTR508702,Outfield,Your Love,20,ready_for_card_assembly,17,7,17,7,7,
RVTR935422,Queen,Somebody To Love,20,ready_for_card_assembly,14,8,14,8,7,
RVTR123703,Lila McCann,Down Came A Blackbird,20,ready_for_card_assembly,8,4,8,4,5,
RVTR540714,Elton John,I Guess That's Why They Call It The Blues,20,ready_for_card_assembly,10,9,10,9,7,
RVTR569927,Fleetwood Mac,Dreams,19,ready_for_card_assembly,19,7,19,7,7,
RVTR881535,Filter,Take A Picture,19,ready_for_card_assembly,16,8,16,8,7,
RVTR012441,Bell Biv DeVoe,Poison,19,ready_for_card_assembly,9,6,9,6,5,
RVTR679042,Eurythmics,Would I Lie To You,19,ready_for_card_assembly,15,7,15,7,7,
RVTR164300,Jesus Jones,"Right Here, Right Now",19,ready_for_card_assembly,14,6,14,6,7,
RVTR989240,Chumbawamba,Tubthumping,19,ready_for_card_assembly,11,7,11,7,7,
RVTR205306,Pearl Jam,Alive,18,ready_for_card_assembly,19,6,19,6,7,
RVTR275965,Electric Light Orchestra,Don't Bring Me Down,18,ready_for_card_assembly,14,7,14,7,7,
RVTR008301,America,A Horse With No Name,18,ready_for_card_assembly,12,9,12,9,7,
RVTR678114,Stevie Wonder,Superstition,18,ready_for_card_assembly,9,6,9,6,6,
RVTR003521,Robert Palmer,Addicted To Love,18,ready_for_card_assembly,12,7,12,7,7,
RVTR404950,Peter Frampton,Show Me The Way,18,ready_for_card_assembly,14,8,14,8,6,
RVTR531194,A Tribe Called Quest,Can I Kick It,18,ready_for_card_assembly,12,4,12,4,3,
RVTR053089,Mark Morrison,Return Of The Mack,18,ready_for_card_assembly,12,7,12,7,6,
RVTR258344,B.J. Thomas,Raindrops Keep Falling On My Head,18,ready_for_card_assembly,15,5,15,5,7,
RVTR773043,Queen,Crazy Little Thing Called Love,18,ready_for_card_assembly,10,9,10,9,6,
RVTR976928,Journey,Lights,17,ready_for_card_assembly,17,6,17,6,7,
RVTR080991,Commodores,Easy,17,ready_for_card_assembly,7,4,7,4,6,
RVTR563699,Shaggy,It Wasn't Me,17,ready_for_card_assembly,10,7,10,7,7,
RVTR449839,Tina Turner,The Best,17,ready_for_card_assembly,10,5,10,5,6,
RVTR356489,Sammy Johns,Chevy Van,17,ready_for_card_assembly,21,7,21,7,7,
RVTR839545,George McCrae,Rock Your Baby,17,ready_for_card_assembly,10,6,10,6,6,
RVTR253373,Journey,Don't Stop Believin',17,ready_for_card_assembly,17,7,17,7,7,
RVTR976054,Queen,Bohemian Rhapsody,17,ready_for_card_assembly,11,8,11,8,7,
RVTR871687,Hues Corporation,Rock The Boat,17,ready_for_card_assembly,16,7,16,7,7,
RVTR894824,Poison,Every Rose Has Its Thorn,17,ready_for_card_assembly,18,7,18,7,6,
RVTR607017,Roxette,The Look,16,ready_for_card_assembly,12,6,12,6,7,
RVTR300772,Aerosmith,Dream On,16,ready_for_card_assembly,21,8,21,8,7,
RVTR833121,Heart,Crazy On You,16,ready_for_card_assembly,13,5,13,5,7,
RVTR711940,Jars Of Clay,Flood,16,ready_for_card_assembly,13,8,13,8,6,
RVTR173020,Men At Work,Overkill,16,ready_for_card_assembly,9,6,9,6,6,
RVTR620162,Melanie,Brand New Key,16,ready_for_card_assembly,10,7,10,7,7,
RVTR896359,Led Zeppelin,Thank You,16,ready_for_card_assembly,15,6,15,6,6,
RVTR565286,Roy Orbison,You Got It,16,ready_for_card_assembly,18,7,18,7,7,
RVTR018797,Divinyls,I Touch Myself,16,ready_for_card_assembly,16,8,16,8,7,
RVTR056508,Sean Kingston,Beautiful Girls,16,ready_for_card_assembly,13,8,13,8,6,
RVTR840141,Glen Campbell,Rhinestone Cowboy,16,ready_for_card_assembly,11,4,11,4,6,
RVTR253281,Traveling Wilburys,End Of The Line,16,ready_for_card_assembly,15,8,15,8,6,
RVTR056686,Montell Jordan,This Is How We Do It,16,ready_for_card_assembly,11,7,11,7,5,
RVTR861273,Nitty Gritty Dirt Band,Mr Bojangles,16,ready_for_card_assembly,7,4,7,4,6,
RVTR759486,Michael Jackson,The Way You Make Me Feel,15,ready_for_card_assembly,13,7,13,7,7,
RVTR339336,War,Low Rider,15,ready_for_card_assembly,18,6,18,6,7,
RVTR585356,Sugar Ray,Fly,15,ready_for_card_assembly,12,5,12,5,7,
RVTR424524,The Clash,Rock The Casbah,15,ready_for_card_assembly,11,5,11,5,5,
RVTR908509,Asia,Heat Of The Moment,15,ready_for_card_assembly,14,7,14,7,7,
RVTR654480,Rolling Stones,Wild Horses,15,ready_for_card_assembly,12,7,12,7,6,
RVTR857213,ABBA,"Knowing Me, Knowing You",15,ready_for_card_assembly,18,8,18,8,7,
RVTR571733,Bryan Adams,Cuts Like A Knife,15,ready_for_card_assembly,9,6,9,6,7,
RVTR882876,Glen Campbell,Wichita Lineman,15,ready_for_card_assembly,14,6,14,6,7,
RVTR246699,Marcy Playground,Sex And Candy,15,ready_for_card_assembly,11,8,11,8,6,
RVTR788766,Arrested Development,Mr. Wendal,15,ready_for_card_assembly,14,7,14,7,6,
RVTR569568,Howard Jones,Things Can Only Get Better,15,ready_for_card_assembly,15,6,15,6,7,
RVTR641113,Paul Simon,Diamonds On The Soles Of Her Shoes,15,ready_for_card_assembly,12,7,13,7,7,
RVTR585827,Tears For Fears,Everybody Wants To Rule The World,15,ready_for_card_assembly,13,7,13,7,7,
RVTR461411,UB40,Red Red Wine,14,ready_for_card_assembly,14,7,14,7,7,
RVTR429997,Chicago,25 or 6 to 4,14,ready_for_card_assembly,16,6,16,6,7,
RVTR670742,The Kinks,Come Dancing,14,ready_for_card_assembly,12,7,12,7,6,
RVTR843332,Robyn,Show Me Love,14,ready_for_card_assembly,13,7,13,7,7,
RVTR910922,Split Enz,I Got You,14,ready_for_card_assembly,9,7,9,7,6,
RVTR383764,Madonna,Ray Of Light,14,ready_for_card_assembly,5,4,5,4,5,
RVTR811534,Billy Strings,Fearless,14,ready_for_card_assembly,13,6,13,6,3,
RVTR492663,Ted Nugent,Stranglehold,14,ready_for_card_assembly,16,7,16,7,6,
RVTR843634,Limp Bizkit,N 2 Gether Now,14,ready_for_card_assembly,11,6,11,6,6,
RVTR498218,Billy Idol,Hot In The City,14,ready_for_card_assembly,13,7,13,7,6,
RVTR250327,Peter Gabriel,Solsbury Hill,14,ready_for_card_assembly,9,5,9,5,7,
RVTR653355,Bon Jovi,Wanted Dead Or Alive,14,ready_for_card_assembly,18,6,18,6,7,
RVTR951694,Elvis Presley,Jailhouse Rock,14,ready_for_card_assembly,11,5,11,5,6,
RVTR363109,Michael Jackson,Black Or White,14,ready_for_card_assembly,14,6,14,6,7,
RVTR573393,The Bangles,Walk Like An Egyptian,14,ready_for_card_assembly,14,7,14,7,7,
RVTR220805,Journey,"Lovin', Touchin', Squeezin'",14,ready_for_card_assembly,13,6,13,6,7,
RVTR563512,Steve Miller Band,The Joker,14,ready_for_card_assembly,11,7,11,7,6,
RVTR081116,Blondie,Rapture,13,ready_for_card_assembly,11,7,11,7,6,
RVTR506000,ABBA,Dancing Queen,13,ready_for_card_assembly,20,7,20,7,7,
RVTR460295,Loverboy,Turn Me Loose,13,ready_for_card_assembly,6,5,6,5,6,
RVTR018811,The Who,Behind Blue Eyes,13,ready_for_card_assembly,6,4,6,4,6,
RVTR127900,A Flock Of Seagulls,I Ran,13,ready_for_card_assembly,8,5,8,5,6,
RVTR410638,Kenny Loggins,Footloose,13,ready_for_card_assembly,13,9,13,9,7,
RVTR394943,Lionel Richie,All Night Long,13,ready_for_card_assembly,6,4,6,4,6,
RVTR921168,Lou Reed,Walk On The Wild Side,13,ready_for_card_assembly,13,7,13,7,6,
RVTR639134,LFO,Summer Girls,12,ready_for_card_assembly,15,7,15,7,7,
RVTR129716,Everclear,Am Radio,12,ready_for_card_assembly,12,6,12,6,6,
RVTR601662,Elton John,Rocket Man,12,ready_for_card_assembly,13,7,13,7,7,
RVTR727463,Alannah Myles,Black Velvet,12,ready_for_card_assembly,8,6,8,6,7,
RVTR381553,Joe South,Games People Play,12,ready_for_card_assembly,14,6,14,6,7,
RVTR309611,Chicago,Saturday In The Park,12,ready_for_card_assembly,13,6,13,6,7,
RVTR243163,Jamiroquai,Virtual Insanity,12,ready_for_card_assembly,20,6,20,6,7,
RVTR511394,Redbone,Come And Get Your Love,12,ready_for_card_assembly,13,5,13,5,7,
RVTR480919,George Harrison,My Sweet Lord,12,ready_for_card_assembly,19,7,19,7,7,
RVTR496488,George Harrison,Crackerbox Palace,12,ready_for_card_assembly,20,9,20,9,7,
RVTR492527,Fine Young Cannibals,She Drives Me Crazy,12,ready_for_card_assembly,15,7,15,7,7,
RVTR960733,Brewer And Shipley,One Toke Over The Line,12,ready_for_card_assembly,11,6,11,6,6,
RVTR808142,Andy Kim,Rock Me Gently,11,ready_for_card_assembly,15,5,15,5,6,
RVTR667387,Aretha Franklin,Respect,11,ready_for_card_assembly,16,6,16,6,7,
RVTR895357,Alabama,Dixieland Delight,11,ready_for_card_assembly,18,8,18,8,7,
RVTR804452,Bay City Rollers,Saturday Night,11,ready_for_card_assembly,14,6,14,6,7,
RVTR624060,Beach Boys,Kokomo,10,ready_for_card_assembly,18,6,18,6,4,
RVTR163173,Big & Rich,Save A Horse,10,ready_for_card_assembly,19,5,19,5,4,
RVTR430551,Ben E. King,Stand By Me,10,ready_for_card_assembly,13,5,13,5,5,
RVTR367218,Bill Haley,Lets Rip It Up,10,ready_for_card_assembly,10,4,10,4,3,
RVTR329491,Albert Hammond,It Never Rains In Southern California,10,ready_for_card_assembly,13,5,13,5,6,
RVTR663947,Beck,Loser,9,ready_for_card_assembly,13,6,13,6,6,
RVTR753608,Billy Idol,Mony Mony,9,ready_for_card_assembly,12,4,12,4,6,
RVTR273312,Alabama Shakes,Hold On,9,ready_for_card_assembly,11,10,11,10,7,
RVTR471147,Anne Murray,Dannys Song,9,ready_for_card_assembly,16,6,16,6,4,
RVTR996243,Barenaked Ladies,One Week,9,ready_for_card_assembly,14,7,14,7,7,
RVTR862628,Alan Parsons Project,Don't Answer Me,9,ready_for_card_assembly,13,6,13,6,7,
RVTR680245,Blondie,Dreaming,8,ready_for_card_assembly,17,8,17,8,7,
RVTR588659,Better Than Ezra,Good,8,ready_for_card_assembly,15,5,15,5,7,
RVTR554537,Alabama,Mountain Music,8,ready_for_card_assembly,19,7,19,7,7,
RVTR193931,Badfinger,Day After Day,8,ready_for_card_assembly,10,7,10,7,7,
RVTR616871,Billy Joel,Uptown Girl,8,ready_for_card_assembly,18,7,18,7,7,
RVTR461100,Black Street,No Diggity,8,ready_for_card_assembly,18,5,18,5,4,
RVTR137744,Adam Ant,Goody Two Shoes,8,ready_for_card_assembly,15,9,15,9,7,
RVTR140412,38 Special,Hold On Loosely,8,ready_for_card_assembly,12,7,12,7,7,
RVTR709702,Billy Idol,White Wedding Pt 1,8,ready_for_card_assembly,18,5,18,5,4,
RVTR262131,April Wine,Just Between You and Me,8,ready_for_card_assembly,8,7,8,7,7,
RVTR020223,Alanis Morissette,Hand In My Pocket,8,ready_for_card_assembly,15,6,15,6,6,
RVTR247739,Bellamy Brothers,Let Your Love Flow,8,ready_for_card_assembly,17,8,17,8,6,
RVTR549383,Billy Ocean,Get Outta My Dreams Get Into My Car,8,ready_for_card_assembly,14,8,14,8,7,
RVTR484352,Blind Melon,Galaxie,7,ready_for_card_assembly,11,4,12,4,4,
RVTR656352,Blues Brothers,Soul Man,7,ready_for_card_assembly,20,6,20,6,7,
RVTR763508,3 Doors Down,Kryptonite,7,ready_for_card_assembly,16,7,16,7,6,
RVTR441661,Al Stewart,Year Of The Cat,7,ready_for_card_assembly,18,6,18,6,7,
RVTR418687,Beastie Boys,Intergalactic,7,ready_for_card_assembly,17,8,17,8,7,
RVTR368720,Billy Idol,Dancing With Myself,7,ready_for_card_assembly,13,8,13,8,6,
RVTR400388,Alanis Morissette,You Oughta Know,7,ready_for_card_assembly,17,7,17,7,6,
RVTR455091,Beats International,Dub Be Good To Me,7,ready_for_card_assembly,12,6,13,6,6,
RVTR956614,Bee Gees,How Can You Mend a Broken Heart,7,ready_for_card_assembly,13,7,13,7,7,
RVTR281384,Blind Melon,No Rain,6,ready_for_card_assembly,11,7,11,7,7,
RVTR181380,Avicii,Levels,6,ready_for_card_assembly,13,6,13,6,6,
RVTR471843,Amy Winehouse,Rehab,6,ready_for_card_assembly,17,8,17,8,7,
RVTR794515,Bee Gees,Night Fever,6,ready_for_card_assembly,10,5,10,5,6,
RVTR731814,Black Sabbath,Paranoid,6,ready_for_card_assembly,17,6,17,6,7,
RVTR563914,Blondie,The Tide Is High,6,ready_for_card_assembly,11,6,11,6,7,
RVTR209418,Belinda Carlisle,Mad About You,6,ready_for_card_assembly,17,6,17,6,6,
RVTR698984,AC/DC,You Shook Me All Night Long,6,ready_for_card_assembly,18,8,18,8,7,
RVTR957436,Alison Krauss And Jerry Douglas,Graceland,6,ready_for_card_assembly,4,2,4,2,2,
RVTR634395,Adriano Celentano,Prisencolinensinainciusol,6,ready_for_card_assembly,12,6,12,6,3,
RVTR015508,Billy Idol,Rebel Yell,5,ready_for_card_assembly,11,7,11,7,6,
RVTR306000,Alabama,Feels So Right,5,ready_for_card_assembly,14,7,14,7,7,
RVTR352845,Ace Of Base,Cruel Summer,5,ready_for_card_assembly,12,7,12,7,7,
RVTR005238,Billy Idol,Cradle Of Love,5,ready_for_card_assembly,21,6,21,6,6,
RVTR952686,Big Bopper,Chantilly Lace,5,ready_for_card_assembly,11,6,11,6,5,
RVTR469498,Bananarama,I Heard A Rumor,5,ready_for_card_assembly,15,6,15,6,4,
RVTR710977,Alan O'Day,Undercover Angel,5,ready_for_card_assembly,13,7,13,7,6,
RVTR788035,Ace Of Base,All That She Wants,5,ready_for_card_assembly,12,8,12,8,7,
RVTR736146,Bloodhound Gang,The Bad Touch,5,ready_for_card_assembly,10,6,10,6,6,
RVTR167497,Allman Brothers Band,Midnight Rider,5,ready_for_card_assembly,23,6,23,6,4,
RVTR902460,AC/DC,Thunderstruck,5,ready_for_card_assembly,15,7,15,7,7,
RVTR779297,ABBA,Waterloo,4,ready_for_card_assembly,22,8,22,8,7,
RVTR804974,April Wine,Roller,4,ready_for_card_assembly,9,5,9,5,5,
RVTR828046,AC/DC,Back In Black,4,ready_for_card_assembly,16,6,16,6,7,
RVTR718765,Black Crowes,Remedy,4,ready_for_card_assembly,11,7,11,7,7,
RVTR728658,Bee Gees,Lonely Days,4,ready_for_card_assembly,12,8,12,8,7,
RVTR405093,AC/DC,Highway To Hell,4,ready_for_card_assembly,11,6,11,6,7,
RVTR113468,Bill Withers,Lean On Me,4,ready_for_card_assembly,15,6,15,6,4,
RVTR975907,Audioslave,Like A Stone,4,ready_for_card_assembly,17,9,17,9,7,
RVTR617604,A Goofy Movie,Eye to Eye,4,ready_for_card_assembly,11,2,12,2,4,
RVTR143638,Bananarama,Cruel Summer,4,ready_for_card_assembly,19,7,19,7,6,
RVTR279190,Bob Dylan,Don't Think Twice,4,ready_for_card_assembly,18,6,18,6,4,
RVTR600535,Al Green,Let's Stay Together,4,ready_for_card_assembly,10,6,10,6,7,
RVTR028018,A Tribe Called Quest,Check The Rhyme,4,ready_for_card_assembly,11,5,11,5,3,
RVTR400641,Billy Strings feat. Willie Nelson,California Sober,4,ready_for_card_assembly,13,4,13,4,4,
RVTR657372,Aqua,Barbie Girl,4,ready_for_card_assembly,13,7,13,7,7,
RVTR521876,311,Down,3,ready_for_card_assembly,19,7,19,7,7,
RVTR481612,Akon,Lonely,3,ready_for_card_assembly,9,5,9,5,7,
RVTR437645,AC/DC,Jailbreak,3,ready_for_card_assembly,17,7,17,7,7,
RVTR986946,Aerosmith,Crazy,3,ready_for_card_assembly,13,9,13,9,7,
RVTR099950,Aldo Nova,Fantasy,3,ready_for_card_assembly,12,7,12,7,6,
RVTR002978,Billy Joel,My Life,3,ready_for_card_assembly,14,8,14,8,6,
RVTR429676,Beyoncé,Crazy In Love,3,ready_for_card_assembly,13,7,13,7,3,
RVTR847140,Bill Withers,Use Me,3,ready_for_card_assembly,10,5,10,5,4,
RVTR026134,Beck,Devils Haircut,3,ready_for_card_assembly,20,7,20,7,7,
RVTR498245,Alice Cooper,Poison,3,ready_for_card_assembly,18,8,18,8,7,
RVTR581435,Atmosphere,Sunshine,3,ready_for_card_assembly,16,3,16,3,4,
RVTR751541,Ben Folds,Tiny Dancer,3,ready_for_card_assembly,13,6,13,6,7,
RVTR619691,Billy Talent,End Of Me,3,ready_for_card_assembly,7,4,7,4,4,
RVTR917359,2 Live Crew,Me So Horny,3,ready_for_card_assembly,14,7,14,7,7,
RVTR665930,Blues Brothers,Rawhide,3,ready_for_card_assembly,16,6,16,6,3,
RVTR049924,Adina Howard,Freak Like Me,3,ready_for_card_assembly,17,8,17,8,7,
RVTR791353,38 Special,Caught Up In You,3,ready_for_card_assembly,9,6,9,6,7,
RVTR917640,Aerosmith,Janie's Got A Gun,3,ready_for_card_assembly,15,9,15,9,7,
RVTR171269,ABBA,Lay All Your Love On Me,3,ready_for_card_assembly,23,7,23,7,7,
RVTR447965,Aaliyah,Are You That Somebody,3,ready_for_card_assembly,12,6,14,6,7,
RVTR870229,Billy Idol,Eyes Without A Face,3,ready_for_card_assembly,15,7,15,7,7,
RVTR012820,Austin Williams,90s Rap Mashup,3,ready_for_card_assembly,8,4,8,4,4,
RVTR306382,AC/DC,It's a Long Way to the Top,3,ready_for_card_assembly,21,7,21,7,4,
RVTR889877,Black Crowes,She Talks To Angels,3,ready_for_card_assembly,5,4,5,4,7,
RVTR810086,Black Oak Arkansas,Jim Dandy,3,ready_for_card_assembly,7,4,7,4,5,
RVTR990821,"Blood, Sweat & Tears",And When I Die,3,ready_for_card_assembly,12,6,12,6,4,
RVTR423250,Beastie Boys,Fight For Your Right,3,ready_for_card_assembly,20,8,20,8,7,
RVTR643804,Amy Winehouse,You Know I'm No Good,3,ready_for_card_assembly,15,6,15,6,6,
RVTR191135,Billy Joel,We Didn't Start The Fire,3,ready_for_card_assembly,17,8,17,8,7,
RVTR511399,A Taste Of Honey,Boogie Oogie Oogie,3,ready_for_card_assembly,15,7,15,7,6,
RVTR259969,Blu Cantrell,Hit 'Em Up Style (Oops!),3,ready_for_card_assembly,12,5,12,5,6,
RVTR747187,Belinda Carlisle,Heaven Is A Place On Earth,3,ready_for_card_assembly,17,7,17,7,7,
RVTR407803,Big Head Todd and the Monsters,Bittersweet,3,ready_for_card_assembly,8,5,9,5,2,
RVTR809033,311,Love Song,2,ready_for_card_assembly,12,6,12,6,6,
RVTR837347,AC/DC,Ride On,2,ready_for_card_assembly,11,6,11,6,7,
RVTR350555,Blondie,Call Me ,2,ready_for_card_assembly,6,5,6,5,7,
RVTR358909,112,Dance With Me,2,ready_for_card_assembly,9,5,9,5,6,
RVTR799567,Bananarama,Venus,2,ready_for_card_assembly,14,8,14,8,7,
RVTR519576,B.T. Express,Do It,2,ready_for_card_assembly,18,6,18,6,6,
RVTR712412,Amy Grant,Baby Baby,2,ready_for_card_assembly,14,8,14,8,7,
RVTR067905,AC/DC,Touch Too Much,2,ready_for_card_assembly,14,9,14,9,7,
RVTR582041,50 Cent,Just A Lil Bit,2,ready_for_card_assembly,11,7,11,7,7,
RVTR568215,Billy Swan,I Can Help,2,ready_for_card_assembly,15,6,15,6,6,
RVTR877036,Animotion,Obsession,2,ready_for_card_assembly,10,5,10,5,5,
RVTR063777,Baltimora,Tarzan Boy,2,ready_for_card_assembly,10,6,10,6,5,
RVTR574313,Amy Winehouse,Valerie,2,ready_for_card_assembly,16,7,16,7,4,
RVTR039625,AC/DC,Girls Got Rhythm,2,ready_for_card_assembly,15,8,15,8,7,
RVTR336525,Bad Company,Bad Company,2,ready_for_card_assembly,12,4,12,4,5,
RVTR677358,Blackfoot,Highway Song,2,ready_for_card_assembly,14,6,14,6,7,
RVTR319680,Akon & Eminem,Smack That,2,ready_for_card_assembly,10,4,10,4,3,
RVTR702357,ABBA,The Name Of The Game,2,ready_for_card_assembly,17,6,17,6,6,
RVTR830897,Alice Cooper,I Never Cry,2,ready_for_card_assembly,15,7,15,7,7,
RVTR853792,Aerosmith,Walk This Way,2,ready_for_card_assembly,13,8,13,8,7,
RVTR070984,America,Ventura Highway,2,ready_for_card_assembly,11,9,11,9,7,
RVTR501867,Argent,Hold Your Head Up,2,ready_for_card_assembly,15,9,15,9,7,
RVTR798342,Billy Squier,The Stroke,2,ready_for_card_assembly,15,6,15,6,7,
RVTR860339,Badfinger,Come And Get It,2,ready_for_card_assembly,9,7,9,7,7,
RVTR855059,Asia,Only Time Will Tell,2,ready_for_card_assembly,12,7,12,7,7,
RVTR732192,Adele,Set Fire To The Rain,2,ready_for_card_assembly,12,7,12,7,7,
RVTR615154,Blues Traveler,Run Around,2,ready_for_card_assembly,11,8,11,8,7,
RVTR978976,Amii Stewart,Knock On Wood,2,ready_for_card_assembly,7,5,7,5,7,
RVTR124790,Alan Jackson,Mercury Blues,2,ready_for_card_assembly,13,8,13,8,7,
RVTR731355,Amy Winehouse,Back To Black,2,ready_for_card_assembly,19,8,19,8,7,
RVTR972499,Aerosmith,Livin' On The Edge,2,ready_for_card_assembly,14,8,14,8,7,
RVTR376773,Autograph,Turn Up The Radio,2,ready_for_card_assembly,13,6,13,6,6,
RVTR898376,Bette Midler,Beast Of Burden,2,ready_for_card_assembly,12,4,12,4,7,
RVTR058142,Billy Strings,Dust In A Baggie,2,ready_for_card_assembly,6,5,6,5,3,
RVTR502183,Beyonce F.Slim Thug,Check On It,2,ready_for_card_assembly,5,1,5,1,3,
RVTR483118,Bill Withers,Ain t No Sunshine,2,ready_for_card_assembly,14,5,14,5,4,
RVTR040762,Billy Joel,Just the Way You Are,2,ready_for_card_assembly,15,7,15,7,7,
RVTR849190,Behind Closed Doors,Charlie Rich,2,ready_for_card_assembly,17,4,17,4,4,
RVTR422999,Alica Bridges,Love The Nightlife,2,ready_for_card_assembly,7,2,7,2,2,
RVTR443450,Backstreet Boys,I Want It That Way,2,ready_for_card_assembly,15,9,15,9,7,
RVTR886851,Billy Idol & Miley Cyrus,Rebel Yell,2,ready_for_card_assembly,20,6,20,6,4,
RVTR717336,Alan Parsons Project,Eye In The Sky,2,ready_for_card_assembly,12,7,12,7,7,
RVTR959701,Aretha Franklin,Say A Little Prayer,2,ready_for_card_assembly,20,4,20,4,4,
RVTR248828,Aerosmith,I Don't Want To Miss A Thing,2,ready_for_card_assembly,10,5,10,5,6,
RVTR215786,Anthrax & Public Enemy,Bring The Noise,2,ready_for_card_assembly,15,5,15,5,3,
RVTR900707,Alan Parsons Project,Games People Play,2,ready_for_card_assembly,9,6,9,6,7,
RVTR418285,Aerosmith,Remember (Walking In The Sand),2,ready_for_card_assembly,18,8,18,8,7,
RVTR933068,Andrews Sisters,Boogie Woogie Bugle Boy,2,ready_for_card_assembly,11,4,11,4,4,
RVTR311886,Bo Diddley,A Celebration of Blues and Soul,2,ready_for_card_assembly,11,4,11,4,4,
RVTR853965,"Alan Jackson, Jimmy Buffett",It's Five O' Clock Somewhere,1,ready_for_card_assembly,6,4,6,4,4,
RVTR207948,Beck,Where It's At,1,ready_for_card_assembly,14,6,14,6,6,
RVTR734691,"Ashley McBryde, Caylee Hammack, Pillbox Patti",Brenda Put Your Bra On,1,ready_for_card_assembly,15,5,15,5,4,
RVTR297738,Blur,Song 2,1,ready_for_card_assembly,21,7,21,7,6,
RVTR263220,AJR,I'm Ready,1,ready_for_card_assembly,15,5,15,5,6,
RVTR246789,ABBA,One Of Us,1,ready_for_card_assembly,17,7,17,7,7,
RVTR548404,Blondie,Maria,1,ready_for_card_assembly,7,5,7,5,7,
RVTR826540,Asia,Don't Cry,1,ready_for_card_assembly,9,5,9,5,7,
RVTR225848,Akon,Beautiful,1,ready_for_card_assembly,12,7,12,7,7,
RVTR148875,Aerosmith,Angel,1,ready_for_card_assembly,17,7,17,7,7,
RVTR201002,Black Caviar,Coco,1,ready_for_card_assembly,13,6,13,6,4,
RVTR990386,Aerosmith,Cryin',1,ready_for_card_assembly,16,9,16,9,7,
RVTR680424,AC/DC,Hells Bells,1,ready_for_card_assembly,10,6,10,6,6,
RVTR441860,50 Cent,Candy Shop,1,ready_for_card_assembly,12,5,12,5,7,
RVTR698271,AC/DC,Dirty Deeds,1,ready_for_card_assembly,21,6,21,6,4,
RVTR706899,Batman,The Batusi,1,ready_for_card_assembly,20,6,20,6,4,
RVTR044417,Bel Biv Devoe,Do Me,1,ready_for_card_assembly,12,7,12,7,3,
RVTR633569,Blondie,X Offender,1,ready_for_card_assembly,17,3,17,3,4,
RVTR303543,Avicii,Hey Brother,1,ready_for_card_assembly,11,5,11,5,7,
RVTR599738,Belly,Feed The Tree,1,ready_for_card_assembly,11,7,11,7,7,
RVTR572622,Babys,Isn't It Time,1,ready_for_card_assembly,9,7,9,7,7,
RVTR298583,ABC,The Look Of Love,1,ready_for_card_assembly,15,6,15,6,6,
RVTR285384,Barry Manilow,Mandy,1,ready_for_card_assembly,16,7,16,7,7,
RVTR683170,Beyonce,Naughty Girl,1,ready_for_card_assembly,13,8,13,8,7,
RVTR038181,Billy Ocean,Loverboy,1,ready_for_card_assembly,16,6,16,6,7,
RVTR491253,Beastie Boys,Sabotage,1,ready_for_card_assembly,19,7,19,7,7,
RVTR886264,AC/DC,Shoot To Thrill,1,ready_for_card_assembly,17,8,17,8,7,
RVTR660435,Blackfoot,Train Train,1,ready_for_card_assembly,12,7,12,7,7,
RVTR596348,Bell Biv DeVoe,Gangsta,1,ready_for_card_assembly,10,6,10,6,5,
RVTR985816,Alan Jackson,Good Time,1,ready_for_card_assembly,10,7,10,7,7,
RVTR628388,AJR,Let The Games Begin,1,ready_for_card_assembly,14,6,14,6,4,
RVTR867164,AC/DC,Let There Be Rock,1,ready_for_card_assembly,8,5,8,5,6,
RVTR878807,Andrew Gold,Lonely Boy,1,ready_for_card_assembly,14,7,14,7,7,
RVTR767650,Black Eyed Peas,Pump It,1,ready_for_card_assembly,11,7,11,7,7,
RVTR020280,Anita Ward,Ring My Bell,1,ready_for_card_assembly,21,6,21,6,6,
RVTR711038,Al B. Sure!,Nite and Day,1,ready_for_card_assembly,13,7,13,7,6,
RVTR388379,Avril Lavigne,Sk8Er Boi,1,ready_for_card_assembly,10,7,10,7,7,
RVTR138615,Billy Idol,To Be A Lover,1,ready_for_card_assembly,14,6,14,6,7,
RVTR137443,Alice In Chains,Rooster,1,ready_for_card_assembly,21,6,21,6,7,
RVTR012983,Adele,Chasing Pavements,1,ready_for_card_assembly,9,7,9,7,7,
RVTR358812,Accept,Balls to the Wall,1,ready_for_card_assembly,23,8,23,9,4,
RVTR419089,Bob Dylan,Forever Young,1,ready_for_card_assembly,21,8,21,8,7,
RVTR984560,Black Eyed Peas,My Humps,1,ready_for_card_assembly,13,7,13,7,7,
RVTR092270,Bill Withers,Lovely Day,1,ready_for_card_assembly,17,6,17,6,4,
RVTR212064,Aaron Lewis,Country Boy,1,ready_for_card_assembly,14,5,14,5,5,
RVTR860501,2Pac feat. Talent,Changes,1,ready_for_card_assembly,15,4,15,4,4,
RVTR320281,20 Fingers,Short Dick Man,1,ready_for_card_assembly,16,8,16,8,6,
RVTR661742,Amy Grant,It's Not A Song,1,ready_for_card_assembly,13,4,13,4,3,
RVTR672189,Adele,Rolling in the Deep,1,ready_for_card_assembly,8,6,8,6,7,
RVTR060633,Alice Cooper,I'm Eighteen,1,ready_for_card_assembly,14,5,14,5,4,
RVTR023620,Big Band,Rhapsody in Blue,1,ready_for_card_assembly,13,2,13,2,4,
RVTR479672,A$AP Rocky,Fkin' Problems,1,ready_for_card_assembly,8,3,8,3,2,
RVTR938357,Baha Men,Move It Like This,1,ready_for_card_assembly,19,8,19,8,7,
RVTR934516,Bee Gees,Stayin' Alive,1,ready_for_card_assembly,13,5,13,5,6,
RVTR685650,Alphaville,Forever Young,1,ready_for_card_assembly,12,7,12,7,7,
RVTR350665,AfroMan,Because I Got High,1,ready_for_card_assembly,12,7,12,7,6,
RVTR495261,Babyface,When Can I See You,1,ready_for_card_assembly,11,7,11,7,7,
RVTR490040,Blondie,One Way Or Another,1,ready_for_card_assembly,16,6,16,6,7,
RVTR169708,Alvin Lee & Co,Ride My Train,1,ready_for_card_assembly,11,3,11,3,3,
RVTR648316,Arctic Monkeys,Brianstorm,1,ready_for_card_assembly,15,5,15,5,6,
RVTR887711,ABBA,The Winner Takes It All,1,ready_for_card_assembly,20,8,20,8,7,
RVTR444655,Benny Benassi,Satisfaction,1,ready_for_card_assembly,21,7,21,7,4,
RVTR231744,Andy Grammer,"Honey, I'm Good",1,ready_for_card_assembly,17,6,17,6,7,
RVTR003583,Bad Company,Can't Get Enough,1,ready_for_card_assembly,11,6,11,6,7,
RVTR660809,3rd Bass,Pop Goes The Weasel,1,ready_for_card_assembly,12,7,12,7,6,
RVTR338129,Billy Paul,Me And Mrs. Jones,1,ready_for_card_assembly,14,7,14,7,7,
RVTR053914,Billy Joel,The Longest Time,1,ready_for_card_assembly,17,8,17,8,7,
RVTR901538,Bad Company,Youngblood,1,ready_for_card_assembly,15,4,15,4,4,
RVTR656762,Billy Joel,Tell Her About It,1,ready_for_card_assembly,17,7,17,7,7,
RVTR172390,Al Green,Take Me To The River,1,ready_for_card_assembly,12,6,12,6,7,
RVTR341813,Beyonce,Empire State Of Mind,1,ready_for_card_assembly,11,5,11,5,3,
RVTR108736,Audioslave,Doesn't Remind Me,1,ready_for_card_assembly,21,8,21,8,6,
RVTR219703,Billy Idol,Flesh For Fantasy,1,ready_for_card_assembly,12,7,12,7,6,
RVTR171299,Blake Shelton,Nobody But You,1,ready_for_card_assembly,24,7,24,7,4,
RVTR781169,A Tribe Called Quest,Scenario,1,ready_for_card_assembly,8,5,8,5,5,
RVTR594397,Bee Gees,You Should Be Dancing,1,ready_for_card_assembly,10,7,10,7,7,
RVTR648161,Al Green,A Change Is Gonna Come,1,ready_for_card_assembly,13,3,13,3,3,
RVTR824898,Art Of Noise,Close To The Edit,1,ready_for_card_assembly,14,5,14,5,4,
RVTR909574,Avril Lavigne,My Happy Ending,1,ready_for_card_assembly,10,6,10,6,7,
RVTR510320,Aerosmith,Love In An Elevator,1,ready_for_card_assembly,15,9,15,9,7,
RVTR588175,2 Unlimited,Get Ready For This,1,ready_for_card_assembly,9,6,9,6,7,
RVTR204213,Billy Joel,The River of Dreams,1,ready_for_card_assembly,14,7,14,7,6,
RVTR717216,Alien Ant Farm,Smooth Criminal,1,ready_for_card_assembly,13,5,13,5,6,
RVTR759536,The Beach Boys,Don't Worry Baby,1,ready_for_card_assembly,19,6,19,6,7,
RVTR439114,Barry Manilow,Bandstand Boogie,1,ready_for_card_assembly,17,5,17,5,6,
RVTR209451,Aretha Franklin,Freeway Of Love,1,ready_for_card_assembly,14,5,14,5,7,
RVTR827738,Blind Faith,Concert In Hyde Park,1,ready_for_card_assembly,18,6,18,6,4,
RVTR337727,Aerosmith,Dude Looks Like A Lady,1,ready_for_card_assembly,16,8,16,8,7,
RVTR990870,Barbra Streisand,The Way We Were,1,ready_for_card_assembly,10,8,10,8,7,
RVTR537388,Blessid Union Of Souls,I Believe,1,ready_for_card_assembly,10,8,10,8,7,
RVTR603779,Arlo Guthrie,City of New Orleans,1,ready_for_card_assembly,14,5,14,5,4,
RVTR424995,Alanis Morissette,Head Over Feet,1,ready_for_card_assembly,15,6,15,6,7,
RVTR434004,Aerosmith,The Train Kept A Rollin,1,ready_for_card_assembly,19,4,19,4,4,
RVTR734934,Billy Squire,Everybody Wants You,1,ready_for_card_assembly,22,7,22,7,4,
RVTR414313,Black Eyed Peas,Let's Get It Started,1,ready_for_card_assembly,9,4,9,4,6,
RVTR903477,3rd Bass,Product Of The Environment,1,ready_for_card_assembly,9,7,9,7,3,
RVTR038571,Belinda Carlisle,Circles In The Sand,1,ready_for_card_assembly,20,3,20,3,4,
RVTR931490,Blessid Union Of Souls,Hey Leonardo,1,ready_for_card_assembly,20,7,20,7,7,
RVTR059373,Billie Davis,I Want You To Be My Baby,1,ready_for_card_assembly,8,3,8,3,2,
RVTR456366,Billy Joel,Say Goodbye To Hollywood,1,ready_for_card_assembly,12,5,12,5,7,
RVTR772071,Average White Band,Pick Up The Pieces,1,ready_for_card_assembly,14,7,14,7,7,
RVTR064363,Alan Jackson,You'll Always Be My Baby,1,ready_for_card_assembly,15,8,15,9,3,
RVTR383289,Amy Winehouse,Tears Dry On Their Own,1,ready_for_card_assembly,19,8,19,8,7,
RVTR280245,Air Supply,Even The Nights Are Better,1,ready_for_card_assembly,8,7,8,7,7,
RVTR100835,Astrud Gilberto,The Girl From Ipanema,1,ready_for_card_assembly,21,6,21,6,4,
RVTR516558,Big Sean Ft. E-40,I Don't Fuck With You,1,ready_for_card_assembly,16,4,16,4,3,
RVTR731613,Blues Brothers,Ghost Riders In The Sky,1,ready_for_card_assembly,12,6,12,6,3,
RVTR835131,Atlanta Rhythm Section,Imaginary Lover,1,ready_for_card_assembly,9,5,9,5,5,
RVTR499104,Black Eyed Peas,Imma Be Rocking That Body,1,ready_for_card_assembly,15,5,15,5,4,
RVTR144401,Billy Joel,It's Still Rock and Roll to Me,1,ready_for_card_assembly,15,7,15,7,7,
RVTR049200,Blondie,I'm Always Touched by Your Presence,1,ready_for_card_assembly,14,6,14,6,4,
RVTR961237,ABBA,Ring Ring,1,ready_for_card_assembly,19,7,19,7,7,
RVTR369292,Billy Strings,Wreck of the Edmund Fitzgerald,1,ready_for_card_assembly,15,7,15,7,3,
RVTR226477,Amboy Dukes,Journey To The Center Of The Mind,1,ready_for_card_assembly,15,6,15,6,7,
RVTR852195,B.o.B aka Bobby Ray f./Hayley Williams,Airplanes,1,ready_for_card_assembly,5,2,5,2,2,
RVTR808670,Alan Parsons Project,I Wouldn't Want to be Like You,1,ready_for_card_assembly,6,4,6,4,3,
RVTR617029,Blake Shelton Ft. Pistol Annies & Friends,Boys 'Round Here,0,ready_for_card_assembly,14,6,14,6,3,
RVTR068252,A$AP Rocky Ft. Skrillex & Birdy Nam Nam,Wild For The Night,0,ready_for_card_assembly,16,6,16,6,3,
RVTR484472,Albert King and Stevie Ray Vaughan,Born Under A Bad Sign,0,ready_for_card_assembly,13,6,13,6,3,
RVTR976119,"Benny Blanco, Tainy, Selena Gomez, J Balvin",I Can't Get Enough,0,ready_for_card_assembly,17,6,17,6,4,
RVTR751338,"Adam Clayton & Larry Mullen, Jr.",Theme From Mission Impossible,0,ready_for_card_assembly,8,4,8,4,4,
RVTR682417,Armin Van Buuren f./Sophie Ellis Bextor,Not Giving Up On Love,0,ready_for_card_assembly,14,3,14,3,3,
RVTR082309,Big Sean f./Kanye West & Roscoe Dash,Marvin Gaye and Chardonnay,0,ready_for_card_assembly,14,3,14,3,4,
RVTR305267,311,Amber,0,ready_for_card_assembly,14,6,14,6,6,
RVTR979817,Beyoncé,Ego,0,ready_for_card_assembly,14,6,14,6,4,
RVTR058567,Beyoncé,Halo,0,ready_for_card_assembly,12,5,12,5,4,
RVTR502200,Beck,E-Pro,0,ready_for_card_assembly,15,6,15,6,6,
RVTR242001,Beyonce,1+1,0,ready_for_card_assembly,10,6,10,6,6,
RVTR254393,Adele,Hello,0,ready_for_card_assembly,13,8,13,8,7,
RVTR939105,Beck,Nausea,0,ready_for_card_assembly,17,9,17,10,7,
RVTR039805,Beyoncé,Hold Up,0,ready_for_card_assembly,16,6,16,6,4,
RVTR844053,Akon,Bananza,0,ready_for_card_assembly,21,6,21,6,4,
RVTR114549,Beyonce,Diva,0,ready_for_card_assembly,13,8,13,8,7,
RVTR736137,Air,Sexy Boy,0,ready_for_card_assembly,17,4,17,4,4,
RVTR675801,Amber,Sexual,0,ready_for_card_assembly,17,4,17,4,6,
RVTR358156,ABC,Be Near Me,0,ready_for_card_assembly,9,7,9,7,7,
RVTR566031,AC/DC,Big Gun,0,ready_for_card_assembly,21,7,21,7,6,
RVTR247953,Bazzi,Myself,0,ready_for_card_assembly,10,5,10,5,6,
RVTR915536,ABBA,Fernando,0,ready_for_card_assembly,14,6,14,6,7,
RVTR602625,Blondie,Denis,0,ready_for_card_assembly,12,6,12,6,7,
RVTR933932,98 Degrees,I Do,0,ready_for_card_assembly,11,6,11,6,5,
RVTR579894,Amerie,Why R U,0,ready_for_card_assembly,9,6,9,6,6,
RVTR940295,Adam Ant,Strip,0,ready_for_card_assembly,7,5,7,5,6,
RVTR795282,Becky G,Shower,0,ready_for_card_assembly,10,4,10,4,6,
RVTR971207,Amine,Caroline,0,ready_for_card_assembly,12,7,12,7,6,
RVTR628016,Blondie,Atomic,0,ready_for_card_assembly,11,6,11,6,7,
RVTR984477,Akon,Right Now,0,ready_for_card_assembly,14,8,14,8,7,
RVTR083209,Beyoncé,Formation,0,ready_for_card_assembly,11,6,11,6,4,
RVTR741475,Aerosmith,Pink,0,ready_for_card_assembly,18,5,18,5,6,
RVTR871782,Beyonce,Deja Vu,0,ready_for_card_assembly,8,7,8,7,5,
RVTR133450,Akon,I'm So Paid,0,ready_for_card_assembly,15,7,15,7,7,
RVTR506120,Beyoncé,Partition,0,ready_for_card_assembly,11,6,11,6,3,
RVTR845493,Berlin,Sex I'm A,0,ready_for_card_assembly,7,6,7,6,7,
RVTR212645,A Wall,Loverboy,0,ready_for_card_assembly,10,5,10,5,4,
RVTR591085,Aerosmith,Jaded,0,ready_for_card_assembly,16,8,16,8,6,
RVTR905190,Roy Clark On Fiddle & Jimmie Henley 12 yrs Old On Banjo,Orange Blossom Special,0,insufficient_approved_facts,2,1,2,1,1,Need at least 3 approved facts.
RVTR096206,Agnes,Release Me,0,ready_for_card_assembly,23,6,23,6,4,
RVTR073870,Awolnation,Sail,0,ready_for_card_assembly,12,5,12,5,6,
RVTR816369,Bakar,Hell N Back,0,ready_for_card_assembly,10,5,10,5,5,
RVTR161636,50 Cent,In Da Club,0,ready_for_card_assembly,12,8,12,8,7,
RVTR840915,Beyoncé,Love On Top,0,ready_for_card_assembly,15,5,15,5,4,
RVTR232190,Berlin,The Metro,0,ready_for_card_assembly,9,7,9,7,7,
RVTR329534,ABC,Poison Arrow,0,ready_for_card_assembly,11,6,11,6,7,
RVTR523110,ABBA,Voulez Vous,0,ready_for_card_assembly,19,5,19,5,4,
RVTR167223,Blur,Girls & Boys,0,ready_for_card_assembly,17,7,17,7,7,
RVTR667729,Alessia Cara,Here,0,ready_for_card_assembly,17,8,17,8,7,
RVTR290687,Billie Eilish,NDA,0,ready_for_card_assembly,23,7,23,7,6,
RVTR151504,Akon,Don't Matter,0,ready_for_card_assembly,6,5,6,5,6,
RVTR383649,Awesome 3,Don't Go,0,ready_for_card_assembly,13,5,13,5,4,
RVTR883271,AZ Yet,Last Night,0,ready_for_card_assembly,9,5,9,5,6,
RVTR380964,Bakar,The Mission,0,ready_for_card_assembly,9,4,9,4,3,
RVTR433997,Avril Lavigne,Hot,0,ready_for_card_assembly,10,7,10,7,7,
RVTR904611,Beyoncé,Sweet Dreams,0,ready_for_card_assembly,15,7,15,7,4,
RVTR311544,Anberlin,Godspeed,0,ready_for_card_assembly,7,3,7,3,3,
RVTR378025,AC/DC,Who Made Who,0,ready_for_card_assembly,16,8,16,8,7,
RVTR601667,Alicia Keys,No One,0,ready_for_card_assembly,15,7,15,7,7,
RVTR900088,Adele,Send My Love,0,ready_for_card_assembly,5,4,5,4,4,
RVTR185559,Adele,Rumor Has It,0,ready_for_card_assembly,19,5,19,5,4,
RVTR696966,21 Pilots,Heathens,0,ready_for_card_assembly,17,5,17,5,4,
RVTR554312,Art of Noise,Close,0,ready_for_card_assembly,8,4,8,4,3,
RVTR357762,America,The Border,0,ready_for_card_assembly,12,8,12,8,6,
RVTR565839,Aiyana,Lee Bedroom,0,ready_for_card_assembly,11,6,11,6,3,
RVTR669298,Aurora,Cure For Me,0,ready_for_card_assembly,19,7,19,7,4,
RVTR919504,Aerosmith,Amazing,0,ready_for_card_assembly,15,7,15,7,7,
RVTR329575,Anna Kendrick,Cups,0,ready_for_card_assembly,20,6,20,6,6,
RVTR886362,3OH!3,Double Vision,0,ready_for_card_assembly,12,7,12,7,7,
RVTR913603,Beyoncé,Texas Hold 'em,0,ready_for_card_assembly,13,5,13,5,4,
RVTR959354,ABBA,The Last Video,0,ready_for_card_assembly,17,5,17,5,4,
RVTR103854,Alicia Keys,Fallin',0,ready_for_card_assembly,18,6,18,6,6,
RVTR833149,Bo Diddley,On Stage,0,ready_for_card_assembly,17,5,17,5,4,
RVTR091014,3OH!3,Touchin' On My,0,ready_for_card_assembly,19,6,19,6,4,
RVTR942388,Big Unk,Walk It Out,0,ready_for_card_assembly,13,5,13,5,3,
RVTR411808,Beck,New Pollution,0,ready_for_card_assembly,18,6,18,6,4,
RVTR598691,Angel City,Sunrise,0,ready_for_card_assembly,10,3,10,3,4,
RVTR852945,Billy Joel,Honesty,0,ready_for_card_assembly,12,5,12,5,7,
RVTR097923,Aaliyah,Back & Forth,0,ready_for_card_assembly,13,7,13,7,7,
RVTR333602,B2K,"Bump, Bump, Bump",0,ready_for_card_assembly,20,8,20,8,7,
RVTR087696,Angel City,Touch Me,0,ready_for_card_assembly,6,2,6,2,4,
RVTR392135,Baauer,Harlem Shake,0,ready_for_card_assembly,12,5,12,5,5,
RVTR139205,Billy Joel,Big Shot,0,ready_for_card_assembly,13,7,13,7,7,
RVTR725447,Barry Manilow,Stay,0,ready_for_card_assembly,11,6,11,6,3,
RVTR434834,AC/DC,Witch's Spell,0,ready_for_card_assembly,19,7,19,7,4,
RVTR836400,Big Sean,Bounce Back,0,ready_for_card_assembly,11,9,11,9,7,
RVTR454421,Beyonce,Space Bound,0,ready_for_card_assembly,9,5,9,5,3,
RVTR207175,Alabama,Take Me Down,0,ready_for_card_assembly,16,7,16,7,7,
RVTR623703,Bebe Rexha,I'm A Mess,0,ready_for_card_assembly,14,6,14,6,5,
RVTR248826,3rd Bass,The Gas Face,0,ready_for_card_assembly,11,9,11,9,7,
RVTR397182,Beyonce,Work It Out,0,ready_for_card_assembly,11,6,11,6,3,
RVTR731264,Avril Lavigne,Smile,0,ready_for_card_assembly,7,5,7,5,5,
RVTR490332,Blondie,In The Flesh,0,ready_for_card_assembly,18,8,18,8,7,
RVTR143075,Ace Hood,Hustle Hard,0,ready_for_card_assembly,9,7,9,7,7,
RVTR380317,Blue October,Hate Me,0,ready_for_card_assembly,9,7,9,7,7,
RVTR069519,702,Where My Girls At,0,ready_for_card_assembly,21,7,21,7,6,
RVTR551987,Blake Lewis,Sad Song,0,ready_for_card_assembly,20,5,20,5,7,
RVTR997192,Aaron Carter,Iko Iko,0,ready_for_card_assembly,16,6,16,6,4,
RVTR741172,Alex Clare,Too Close,0,ready_for_card_assembly,17,7,17,7,6,
RVTR145177,AFI,Love Like Winter,0,ready_for_card_assembly,13,6,13,6,7,
RVTR030338,Amber,Colour Of Love,0,ready_for_card_assembly,21,6,21,6,6,
RVTR517261,B.B. King,Rock Me Baby,0,ready_for_card_assembly,13,7,13,7,7,
RVTR916013,ATC,Around The World,0,ready_for_card_assembly,9,5,9,5,6,
RVTR182318,ATeens,Dancing Queen,0,ready_for_card_assembly,5,4,5,4,2,
RVTR127768,Black,Wonderful Life,0,ready_for_card_assembly,11,6,11,6,4,
RVTR792432,69 Boyz,Tootsie Roll,0,ready_for_card_assembly,16,8,16,8,4,
RVTR891249,Berlin,No More Words,0,ready_for_card_assembly,10,6,10,6,6,
RVTR381988,Anne Marie,Ciao Adios,0,ready_for_card_assembly,16,5,16,5,4,
RVTR503544,Big & Rich,Look At You,0,ready_for_card_assembly,16,6,16,6,4,
RVTR764688,Bad Company,Movin' On,0,ready_for_card_assembly,12,8,12,8,7,
RVTR175697,Billie Eilish,Bad Guy,0,ready_for_card_assembly,18,6,18,6,6,
RVTR970552,Aaliyah,Rock The Boat,0,ready_for_card_assembly,15,7,15,7,7,
RVTR290672,Blondie,Picture This,0,ready_for_card_assembly,17,8,17,8,7,
RVTR729683,Alex Warren,Ordinary,0,ready_for_card_assembly,11,5,11,5,6,
RVTR734753,Beyonce,Dance For You,0,ready_for_card_assembly,14,7,14,7,6,
RVTR432086,Alessia Cara,How Far I,0,ready_for_card_assembly,12,6,12,6,6,
RVTR265806,Bad Company,This Love,0,ready_for_card_assembly,10,8,10,8,7,
RVTR295846,Black Eyed Peas,Hit It,0,ready_for_card_assembly,12,4,12,4,3,
RVTR103181,Black Box,Ride On Time,0,ready_for_card_assembly,14,4,14,4,4,
RVTR476808,Ann Margaret,Shot Gun,0,ready_for_card_assembly,7,4,7,4,3,
RVTR765353,Beyonce,Single Ladies,0,ready_for_card_assembly,9,5,9,5,5,
RVTR972076,Blake Shelton,Sangria,0,ready_for_card_assembly,8,7,8,7,7,
RVTR320465,Bloc Party,The Prayer,0,ready_for_card_assembly,19,6,19,6,4,
RVTR455389,3rd Bass,Problem Child,0,ready_for_card_assembly,11,6,11,6,4,
RVTR252108,Beyonce,Irreplaceable,0,ready_for_card_assembly,13,8,13,8,7,
RVTR463542,Black Box,Strike It Up,0,ready_for_card_assembly,10,7,10,7,7,
RVTR921720,Beyonce,If I Were A Boy,0,ready_for_card_assembly,15,8,15,8,6,
RVTR241321,Beyonce,Ring The Alarm,0,ready_for_card_assembly,11,8,11,8,7,
RVTR647192,Bebe Rexha,Last Hurrah,0,ready_for_card_assembly,9,5,9,5,5,
RVTR625357,Atlantic Starr,Always,0,ready_for_card_assembly,12,7,12,7,6,
RVTR047496,ABBA,Summer Night City,0,ready_for_card_assembly,20,5,20,5,4,
RVTR165509,Adele,Someone Like You,0,ready_for_card_assembly,14,8,14,8,7,
RVTR108370,Ariana Grande,Into You,0,ready_for_card_assembly,16,7,16,7,7,
RVTR978535,Army Of Anyone,Goodbye,0,ready_for_card_assembly,20,6,20,6,4,
RVTR585911,Atmosphere,Guarantees,0,ready_for_card_assembly,15,2,15,2,3,
RVTR493091,Alice Cooper,You And Me,0,ready_for_card_assembly,16,7,16,7,7,
RVTR793406,Axel Thesleff,Bad Karma,0,ready_for_card_assembly,16,4,16,4,4,
RVTR217058,Alphaville,Big In Japan,0,ready_for_card_assembly,13,7,13,7,7,
RVTR051070,Al Jarreau,So Long Girl,0,ready_for_card_assembly,9,6,9,6,6,
RVTR403709,Barry Manilow,Even Now,0,ready_for_card_assembly,5,4,5,4,6,
RVTR259501,Barry Manilow,Daybreak,0,ready_for_card_assembly,8,6,8,6,7,
RVTR588073,"10,000 Maniacs",Trouble Me,0,ready_for_card_assembly,7,5,7,5,6,
RVTR989967,Baby Bash f./E-40,Go Girl,0,insufficient_approved_facts,2,1,2,1,3,Need at least 3 approved facts.
RVTR191793,Black Eyed Peas,Hey Mama,0,ready_for_card_assembly,10,6,10,6,7,
RVTR480446,Ava Max,EveryTime I Cry,0,ready_for_card_assembly,15,3,15,3,4,
RVTR062984,Alicia Keys,Superwoman,0,ready_for_card_assembly,15,7,15,7,7,
RVTR393456,Bad Meets Evil,Fast Lane,0,ready_for_card_assembly,13,8,13,8,6,
RVTR153245,Andy Grammer,Fresh Eyes,0,ready_for_card_assembly,14,7,14,7,6,
RVTR587643,Bee Gees,Too Much Heaven,0,ready_for_card_assembly,8,7,8,7,7,
RVTR550787,Apollonia 6,Sex Shooter,0,ready_for_card_assembly,16,8,16,8,7,
RVTR440159,Barry Manilow,Born Free,0,ready_for_card_assembly,10,3,10,3,3,
RVTR733406,Billy Idol,Catch My Fall,0,ready_for_card_assembly,8,5,8,5,6,
RVTR752146,Ambrosia,How Much I Feel,0,ready_for_card_assembly,12,5,12,5,7,
RVTR509838,Big Time Rush,Worldwide,0,ready_for_card_assembly,11,5,11,5,7,
RVTR104973,Aerosmith,What it Takes,0,ready_for_card_assembly,12,8,12,8,7,
RVTR352783,ABBA,"Money, Money, Money",0,ready_for_card_assembly,16,8,16,8,7,
RVTR863630,2 Unlimited,Tribal Dance,0,ready_for_card_assembly,13,7,13,7,7,
RVTR948306,Air Supply,Lost In Love,0,ready_for_card_assembly,13,8,13,8,7,
RVTR817150,Audioslave,Revelations,0,ready_for_card_assembly,12,6,12,6,6,
RVTR224563,Andy Gibb,Shadow Dancing,0,ready_for_card_assembly,12,7,12,7,6,
RVTR009355,Belinda Carlisle,La Luna,0,ready_for_card_assembly,14,4,14,4,4,
RVTR487922,Adam Lambert,If I Had You,0,ready_for_card_assembly,17,7,17,7,7,
RVTR452318,Adam Ant,Prince Charming,0,ready_for_card_assembly,18,5,18,5,4,
RVTR473567,Blake Lewis,Break Anotha,0,ready_for_card_assembly,12,6,12,6,6,
RVTR449987,Blake Shelton,Some Beach,0,ready_for_card_assembly,9,7,9,7,7,
RVTR103063,Beyonce f./J. Cole,Party,0,ready_for_card_assembly,17,5,17,5,4,
RVTR596841,Anastacia,I'm Outta Love,0,ready_for_card_assembly,14,6,14,6,6,
RVTR560036,Angel City,Love Me Right,0,ready_for_card_assembly,10,6,10,6,6,
RVTR005359,Bad Company,Saving Grace,0,ready_for_card_assembly,19,5,19,5,4,
RVTR063630,Ben Dickey,Picture Cards,0,ready_for_card_assembly,11,3,11,3,4,
RVTR010867,Beastie Boys,Body Movin',0,ready_for_card_assembly,11,4,11,4,4,
RVTR104244,98 Degrees,Because Of You,0,ready_for_card_assembly,12,5,12,5,5,
RVTR220468,Alice in Chains,Nutshell,0,ready_for_card_assembly,24,9,24,9,7,
RVTR989856,Aloe Blacc,I Need A Dollar,0,ready_for_card_assembly,16,5,16,5,4,
RVTR069770,Auli'i Cravalho,How Far I,0,ready_for_card_assembly,12,6,12,6,6,
RVTR293364,Badfinger,No Matter What,0,ready_for_card_assembly,12,7,12,7,7,
RVTR922717,Bertie Higgins,Key Largo,0,ready_for_card_assembly,16,7,16,7,7,
RVTR429819,Billie Eilish,Lost Cause,0,ready_for_card_assembly,19,6,19,6,6,
RVTR265383,Amber,This Is Your Night,0,ready_for_card_assembly,21,6,21,6,6,
RVTR190052,Blake Shelton,Neon Light,0,ready_for_card_assembly,9,8,9,8,7,
RVTR578807,Baby Bash & T Pain,Cyclone,0,ready_for_card_assembly,10,5,10,5,3,
RVTR299101,Auburn With Iyaz,La La La,0,ready_for_card_assembly,7,4,7,4,3,
RVTR473268,Alice Cooper,Hey Stoopid,0,ready_for_card_assembly,9,5,9,5,6,
RVTR643284,Beastie Boys,Off The Grid,0,ready_for_card_assembly,13,5,13,5,6,
RVTR450941,Alan Jackson,Country Boy,0,ready_for_card_assembly,10,7,10,7,7,
RVTR747218,Audioslave,Original Fire,0,ready_for_card_assembly,12,6,12,6,6,
RVTR215376,Asher Roth,I Love College,0,ready_for_card_assembly,16,8,16,8,7,
RVTR720430,Avril Lavigne,Girlfriend,0,ready_for_card_assembly,13,8,13,8,7,
RVTR489795,Billie Eilish,Your Power,0,ready_for_card_assembly,23,7,23,7,6,
RVTR972840,Blake Shelton,Drink On It,0,ready_for_card_assembly,8,6,8,6,7,
RVTR947034,Andy Williams,Moon River,0,ready_for_card_assembly,12,5,12,5,7,
RVTR608023,2 Live Crew,Move Somethin,0,ready_for_card_assembly,11,5,11,5,4,
RVTR192585,50 Cent f./Ne-Yo,Baby By Me,0,ready_for_card_assembly,11,3,11,3,3,
RVTR763108,All Saints,Lady Marmalade,0,ready_for_card_assembly,21,7,21,7,7,
RVTR297383,Ace Of Base,Beautiful Life,0,ready_for_card_assembly,16,8,16,8,6,
RVTR441639,Bette Midler,Stay With Me,0,ready_for_card_assembly,14,6,14,6,7,
RVTR892582,Angels & Airwaves,Anxiety,0,ready_for_card_assembly,7,4,7,4,3,
RVTR580768,Ariana Savalas,No Diggity,0,ready_for_card_assembly,7,4,7,4,2,
RVTR528576,Billy Vera,At This Moment,0,ready_for_card_assembly,12,5,12,5,5,
RVTR953106,Alanis Morissette,Ironic,0,ready_for_card_assembly,11,8,11,8,7,
RVTR346094,Adam Ant,Stand And Deliver,0,ready_for_card_assembly,22,5,22,5,4,
RVTR880058,Aerosmith,Hole In My Soul,0,ready_for_card_assembly,16,8,16,8,7,
RVTR843523,Ashland Craft,I Smoke Weed,0,ready_for_card_assembly,13,4,13,4,4,
RVTR774840,5 Seconds Of Summer,Easier,0,ready_for_card_assembly,18,4,18,4,6,
RVTR067836,Almost Monday,Cool Enough,0,ready_for_card_assembly,6,4,6,4,2,
RVTR024768,Arcade Fire,Ready To Start,0,ready_for_card_assembly,17,9,17,9,7,
RVTR757845,Berlin,Take My Breath Away,0,ready_for_card_assembly,8,4,8,4,6,
RVTR848003,Blackstreet,Don't Leave Me,0,ready_for_card_assembly,14,5,14,5,4,
RVTR332686,Bad Company,Ready for Love,0,ready_for_card_assembly,15,6,15,6,6,
RVTR145042,Avenged Sevenfold,Dear God,0,ready_for_card_assembly,9,8,9,8,6,
RVTR649534,Ashley Tisdale,Crank It Up,0,ready_for_card_assembly,22,6,22,6,4,
RVTR529423,Benny Benassi,Hit My Heart,0,ready_for_card_assembly,11,4,11,4,3,
RVTR602578,Air Supply,All Out Of Love,0,ready_for_card_assembly,12,8,12,8,7,
RVTR069605,Billie Myers,Kiss The Rain,0,ready_for_card_assembly,14,8,14,8,7,
RVTR801072,Alice In Chains,I Stay Away,0,ready_for_card_assembly,14,7,14,7,7,
RVTR270432,Aron Chupa,I'm an Albatraoz,0,ready_for_card_assembly,11,5,11,5,3,
RVTR612603,Ariana Grande,"Thank U, Next",0,ready_for_card_assembly,20,5,20,5,6,
RVTR195188,3OH!3 f./Ke$ha,My First Kiss,0,ready_for_card_assembly,12,3,12,3,3,
RVTR508452,Blake Shelton,Minimum Wage,0,ready_for_card_assembly,10,7,10,7,6,
RVTR401472,Aerosmith,I Wanna Know Why,0,ready_for_card_assembly,12,7,12,7,6,
RVTR184978,Ariana Grande,One Last Time,0,ready_for_card_assembly,10,7,10,7,7,
RVTR489060,Billie Eilish,Bury A Friend,0,ready_for_card_assembly,20,7,20,7,6,
RVTR611014,Billy Joel,You May Be Right,0,ready_for_card_assembly,15,7,15,7,7,
RVTR690653,5 Seconds Of Summer,Amnesia,0,ready_for_card_assembly,11,7,11,7,7,
RVTR887013,Ambrosia,Biggest Part Of Me,0,ready_for_card_assembly,18,8,18,8,7,
RVTR741698,Ariana Grande,God is a woman,0,ready_for_card_assembly,12,7,12,7,7,
RVTR821373,Blue October,Into The Ocean,0,ready_for_card_assembly,10,5,10,5,6,
RVTR129253,Avril Lavigne,What The Hell,0,ready_for_card_assembly,9,6,9,6,5,
RVTR644478,Augustana,Steal Your Heart,0,ready_for_card_assembly,17,8,17,8,7,
RVTR745951,Alexandra Stan,Mr. Saxobeat,0,ready_for_card_assembly,14,8,14,9,6,
RVTR032746,Angels & Airwaves,Adventure,0,ready_for_card_assembly,11,5,11,5,4,
RVTR923779,Art District,Back In The Day,0,ready_for_card_assembly,11,4,11,4,4,
RVTR855736,"Almost, The",Say This Sooner,0,ready_for_card_assembly,14,6,14,6,4,
RVTR428453,Aretha Franklin,Rock Steady,0,ready_for_card_assembly,18,6,18,6,7,
RVTR192468,Blake Shelton,God's Country,0,ready_for_card_assembly,13,8,13,8,6,
RVTR018990,Billy Joel,Travelin' Prayer,0,ready_for_card_assembly,12,5,12,5,6,
RVTR609530,Adele,Water Under the Bridge,0,ready_for_card_assembly,8,6,8,6,7,
RVTR903888,All Envy Aside,Burning Again,0,ready_for_card_assembly,11,4,11,4,3,
RVTR825550,Bee Gees,Love You Inside Out,0,ready_for_card_assembly,7,6,7,6,7,
RVTR581142,Al Green,Tired Of Being Alone,0,ready_for_card_assembly,11,7,11,7,7,
RVTR091604,Beyonce,Dangerously In Love,0,ready_for_card_assembly,14,7,14,7,7,
RVTR683317,Baha Men,Who Let The Dogs Out,0,ready_for_card_assembly,12,7,12,7,7,
RVTR242410,Babylon A.D.,Bang Go The Bells,0,ready_for_card_assembly,10,4,10,4,3,
RVTR776396,After The Fire,Der Kommissar,0,ready_for_card_assembly,7,4,7,4,5,
RVTR254865,Blotto,I Wanna Be A Lifeguard,0,ready_for_card_assembly,7,3,7,3,2,
RVTR487180,Alanis Morissette,Thank You,0,ready_for_card_assembly,9,6,9,6,7,
RVTR694061,Black Eyed Peas,Boom Boom Pow,0,ready_for_card_assembly,10,7,10,7,7,
RVTR351300,Ashlee Simpson,Outta My Head,0,ready_for_card_assembly,19,6,19,6,4,
RVTR069033,Blake Shelton,God Gave Me You,0,ready_for_card_assembly,11,8,11,8,7,
RVTR069405,"10,000 Maniacs",Like the Weather,0,ready_for_card_assembly,9,6,9,6,7,
RVTR185199,"Academy Is..., The",About A Girl,0,ready_for_card_assembly,10,5,10,5,3,
RVTR418424,Aerosmith,Lightning Strikes,0,ready_for_card_assembly,15,8,15,8,7,
RVTR792720,Aretha Franklin,A Deeper Love,0,ready_for_card_assembly,10,3,10,3,5,
RVTR705933,Andrew Gold,Go Back Home Again,0,ready_for_card_assembly,13,7,13,7,6,
RVTR302716,Alice In Chains,Check My Brain,0,ready_for_card_assembly,13,7,13,7,7,
RVTR955596,ABBA,I Still Have Faith In You,0,ready_for_card_assembly,18,7,18,7,4,
RVTR787640,Alanis Morissette,Uninvited,0,ready_for_card_assembly,15,6,15,6,4,
RVTR111776,Afrika Bambaattaa,Planet Rock,0,ready_for_card_assembly,8,2,8,2,2,
RVTR860850,B Rock & The Bizz,My Baby Daddy,0,ready_for_card_assembly,20,6,20,6,4,
RVTR635006,Barry Manilow,Life Will Go On,0,ready_for_card_assembly,20,8,20,8,7,
RVTR662904,BlackHawk,Goodbye Says It All,0,ready_for_card_assembly,15,9,15,9,7,
RVTR849550,Alice In Chains,Your Decision,0,ready_for_card_assembly,20,7,20,7,7,
RVTR482853,Beyoncé feat. Jay Z,Drunk In Love,0,ready_for_card_assembly,16,4,16,4,4,
RVTR753403,A Perfect Circle,The Outsider,0,ready_for_card_assembly,5,4,5,4,7,
RVTR388826,Blue Swede,Hooked On A Feeling,0,ready_for_card_assembly,11,7,11,7,6,
RVTR595707,Alabama Shakes,You Ain't Alone,0,ready_for_card_assembly,15,6,15,6,4,
RVTR843759,Arlo Guthrie,Motorcycle Song,0,ready_for_card_assembly,7,3,7,3,3,
RVTR045295,Beyonce,Best Thing I Never Had,0,ready_for_card_assembly,12,8,12,8,6,
RVTR195978,3 Doors Down,Here Without You,0,ready_for_card_assembly,11,6,11,6,7,
RVTR905724,Blake Shelton,The More I Drink,0,ready_for_card_assembly,18,5,18,5,7,
RVTR157396,Barry Manilow,We ll Meet Again,0,ready_for_card_assembly,10,3,10,3,3,
RVTR647878,Baby Bash F.Frankie J,Suga Suga,0,ready_for_card_assembly,14,8,14,8,4,
RVTR075309,Andy Grammer,Keep Your Head Up,0,ready_for_card_assembly,17,7,17,7,7,
RVTR701888,Big Time Rush,The City Is Ours,0,ready_for_card_assembly,21,5,21,5,4,
RVTR661278,Benson Boone,Beautiful Things,0,ready_for_card_assembly,14,6,14,6,6,
RVTR588713,Blondie,Die Young Stay Pretty,0,ready_for_card_assembly,14,6,14,6,7,
RVTR023516,3rd Bass,Triple Stage Darkness,0,ready_for_card_assembly,7,6,7,6,6,
RVTR454650,Anne Marie & Little Mix,Kiss My,0,ready_for_card_assembly,19,5,19,5,4,
RVTR766884,Bob Carlisle,Butterfly Kisses,0,ready_for_card_assembly,14,5,14,5,3,
RVTR451038,Beyonce &  Lady Gaga,Video Phone,0,ready_for_card_assembly,15,6,15,6,4,
RVTR262898,Big Audio Dynamite,James Brown,0,ready_for_card_assembly,13,6,13,6,3,
RVTR899849,All Time Low,I Feel Like Dancin',0,ready_for_card_assembly,18,6,18,6,4,
RVTR973394,"10,000 Maniacs",These Are The Days,0,ready_for_card_assembly,7,5,7,5,2,
RVTR891485,Blake Shelton,A Guy With A Girl,0,ready_for_card_assembly,10,6,10,6,7,
RVTR522758,Adventures,Another Silent Day,0,ready_for_card_assembly,13,4,13,4,3,
RVTR463659,Barbra Streisand,Woman In Love,0,ready_for_card_assembly,10,7,10,7,7,
RVTR150795,BlackHawk,Every Once In a While,0,ready_for_card_assembly,19,9,19,10,7,
RVTR562718,Alana Springsteen,Zero Trucks,0,ready_for_card_assembly,8,4,8,4,2,
RVTR177022,Barry Manilow,Let Freedom Ring,0,ready_for_card_assembly,10,3,10,3,3,
RVTR914687,Alicia Keys,Teenage Love Affair,0,ready_for_card_assembly,16,7,16,7,7,
RVTR027354,Beyoncé Ft. Nicki Minaj,Flawless,0,ready_for_card_assembly,22,8,22,8,4,
RVTR798600,Big Sean f./Chris Brown,My Last,0,ready_for_card_assembly,16,6,16,6,4,
RVTR538877,38 Special,Back Where You Belong,0,ready_for_card_assembly,11,3,11,3,4,
RVTR334675,Allman Brothers Band,Soulshine 2007,0,ready_for_card_assembly,23,5,23,5,4,
RVTR174907,Billie Eilish,Happier Than Ever,0,ready_for_card_assembly,15,7,15,7,6,
RVTR299289,21 Savage & Metro Boomin,No Heart,0,ready_for_card_assembly,35,6,37,6,4,
RVTR038080,Black Eyed Peas,That's The Joint,0,ready_for_card_assembly,12,4,12,4,3,
RVTR145946,Bill Withers,Just The Two Of Us,0,ready_for_card_assembly,16,6,16,6,4,
RVTR226826,Arthur Conley,Sweet Soul Music,0,ready_for_card_assembly,12,6,12,6,5,
RVTR324493,Barry Manilow,Turn The Radio Up,0,ready_for_card_assembly,5,4,5,4,5,
RVTR382389,Amazing Grace,Scottish Bagpipes,0,ready_for_card_assembly,9,5,9,5,3,
RVTR794517,Big Data feat. Joywave,Dangerous ,0,ready_for_card_assembly,19,6,19,6,4,
RVTR998432,Anne Marie & Niall Horan,Our Song,0,ready_for_card_assembly,21,7,21,7,4,
RVTR479735,Bad Company,Rock 'n' Roll Fantasy,0,ready_for_card_assembly,11,6,11,6,7,
RVTR855310,Billy Currington,We Are Tonight,0,ready_for_card_assembly,6,4,6,4,6,
RVTR149386,Blondie,Hanging On The Telephone,0,ready_for_card_assembly,17,6,17,6,7,
RVTR046215,Annie Lennox,No More I Love Yous,0,ready_for_card_assembly,13,7,14,7,4,
RVTR410729,Badfinger,Sweet Tuesday Morning,0,ready_for_card_assembly,12,7,12,7,6,
RVTR869306,Billy Thorpe,Children of the Sun,0,ready_for_card_assembly,9,6,9,6,6,
RVTR199812,Backstreet Boys,Larger Than Life,0,ready_for_card_assembly,14,7,14,7,7,
RVTR831633,Barry Manilow,Bring On Tomorrow,0,ready_for_card_assembly,15,5,15,5,6,
RVTR447739,Avril Lavigne,Wish You Were Here,0,ready_for_card_assembly,11,5,11,5,6,
RVTR539322,Annie Lennox,I Put A Spell On You,0,ready_for_card_assembly,14,7,14,7,7,
RVTR785864,Ben Harper,Diamonds On The Inside,0,ready_for_card_assembly,12,5,12,5,4,
RVTR201995,Amy Winehouse,Between The Cheats,0,ready_for_card_assembly,15,7,15,7,6,
RVTR730534,Adam Lambert,Whataya Want From Me,0,ready_for_card_assembly,14,7,14,7,7,
RVTR097852,Alicia Keys,Doesn't Mean Anything,0,ready_for_card_assembly,14,6,14,6,6,
RVTR996449,Bad Company,Running With The Pack,0,ready_for_card_assembly,13,4,13,4,4,
RVTR824130,Bob Dylan,All Along The Watchtower,0,ready_for_card_assembly,19,8,19,8,7,
RVTR141092,Alice Cooper,Billion Dollar Babys,0,ready_for_card_assembly,29,3,29,3,4,
RVTR395455,Big Time Rush,If I Ruled The World,0,ready_for_card_assembly,19,6,19,6,7,
RVTR052335,"Automatic Automatic, The",Monster,0,ready_for_card_assembly,12,5,12,5,3,
RVTR324933,Bebe Rexha,You Can't Stop The Girl,0,ready_for_card_assembly,9,2,9,2,2,
RVTR232939,Ariana Grande,No Tears Left To Cry,0,ready_for_card_assembly,11,7,11,7,7,
RVTR643082,Backstreet Boys,All I Have To Give,0,ready_for_card_assembly,11,6,11,6,7,
RVTR116371,Ariana Grande Ft. Zedd,Break Free,0,ready_for_card_assembly,15,5,15,5,4,
RVTR444314,Alan Walker x Imanbek,Sweet Dreams,0,ready_for_card_assembly,8,4,9,4,3,
RVTR112407,Basement Jaxx,Where's Your Head At,0,ready_for_card_assembly,13,6,13,6,4,
RVTR710244,Barry Manilow,If We Only Have Love,0,ready_for_card_assembly,6,2,6,2,3,
RVTR794354,Animation,Vintage Banned Cartoons,0,ready_for_card_assembly,11,2,11,2,4,
RVTR525982,Beyonce And Shakira,Beautiful Liar,0,ready_for_card_assembly,14,6,14,6,4,
RVTR154591,Billy Currington,People Are Crazy,0,ready_for_card_assembly,10,8,10,8,7,
RVTR802953,Big Country,Where The Rose Is Sown,0,ready_for_card_assembly,19,8,19,8,7,
RVTR266920,Babyface,Every Time I Close My Eyes,0,ready_for_card_assembly,12,7,12,7,7,
RVTR810121,Baby Bash & Sean Kingston,What Is It,0,ready_for_card_assembly,11,5,11,5,4,
RVTR799106,Asleep At The Wheel,Hot Rod Lincoln,0,ready_for_card_assembly,21,5,21,5,4,
RVTR344863,Barry Manilow,Dancin' In The Aisles,0,ready_for_card_assembly,6,2,6,2,2,
RVTR837568,Barry Manilow,Looks Like We Made It,0,ready_for_card_assembly,11,6,11,6,6,
RVTR772849,Billie Ray Martin,Your Loving Arms,0,ready_for_card_assembly,18,6,18,6,6,
RVTR938046,A Perfect Circle,Weak And Powerless,0,ready_for_card_assembly,11,7,11,7,7,
RVTR447265,Baby Cham & Alicia Keys,Ghetto Story,0,ready_for_card_assembly,20,8,20,9,4,
RVTR527135,Backstreet Boys,Quit Playing Games,0,ready_for_card_assembly,12,7,12,7,7,
RVTR569691,Atlanta Rhythm Section,So Into You,0,ready_for_card_assembly,18,7,18,7,4,
RVTR601256,Barry Manilow,Please Don t Be Scared,0,ready_for_card_assembly,9,8,9,8,6,
RVTR047312,Big Time Rush,Til I Forget About You,0,ready_for_card_assembly,11,6,11,6,7,
RVTR855443,Angels & Airwaves,Everything's Magic,0,ready_for_card_assembly,11,5,11,5,4,
RVTR762831,Backstreet Boys,We've Got It Goin' On,0,ready_for_card_assembly,13,5,13,5,6,
RVTR909219,Alessia Cara,Scars To Your Beautiful,0,ready_for_card_assembly,19,8,19,8,7,
RVTR451411,Blondie Vs. The Doors,Rapture Riders,0,ready_for_card_assembly,15,5,15,5,4,
RVTR822548,Van McCoy & Pan's People,Do the Hustle,0,insufficient_approved_facts,2,1,2,1,3,Need at least 3 approved facts.
RVTR176377,Bee Gees,New York Mining Disaster 1941,0,ready_for_card_assembly,14,5,14,5,6,
RVTR792810,Barry White,Practice What You Preach,0,ready_for_card_assembly,18,9,18,9,7,
RVTR540602,Ariana Grande Ft. Mac Miller,The Way,0,ready_for_card_assembly,14,6,14,6,3,
RVTR126793,Barry Manilow,Copacabana,0,ready_for_card_assembly,14,7,14,7,7,
RVTR800886,B.G. The Prince Of Rap,This Beat Is Hot,0,ready_for_card_assembly,7,4,7,4,5,
RVTR777947,Billy Ocean,When The Going Gets Tough,0,ready_for_card_assembly,10,8,10,8,7,
RVTR969928,Blackout All Stars,I Like It Like That,0,ready_for_card_assembly,15,6,15,6,3,
RVTR725703,Bad Meets Evil f./Bruno Mars,Lighters,0,ready_for_card_assembly,6,5,6,5,3,
RVTR971796,Big Time Rush f./Snoop Dogg,Boyfriend,0,ready_for_card_assembly,10,4,10,4,4,
RVTR638337,Alan Jackson,Chasin' That Neon Rainbow,0,ready_for_card_assembly,9,5,10,5,3,
RVTR733940,The Music Explosion,Little Bit O Soul,0,ready_for_card_assembly,14,5,14,5,3,
RVTR346954,Backstreet Boys,As Long As You Love Me,0,ready_for_card_assembly,13,6,13,6,7,
RVTR534821,Barry Manilow,Somewhere Down The Road,0,ready_for_card_assembly,8,6,8,6,6,
RVTR602337,"Bedingfield, Daniel",Gotta Get Thru This,0,ready_for_card_assembly,17,6,17,6,4,
RVTR251167,Amy with Vince Gill Grant,House Of Love,0,ready_for_card_assembly,14,6,14,6,3,
RVTR182415,Billy J. Kramer And The Dakotas,Bad To Me,0,ready_for_card_assembly,7,3,7,3,2,
RVTR730582,Blessid Union Of Souls,Let Me Be The One,0,ready_for_card_assembly,9,5,9,5,7,
RVTR929803,April Wine,Comin Right Down On Top Of Me,0,ready_for_card_assembly,14,4,14,4,4,
RVTR497447,Arlo Guthrie,Alice's Restaurant,0,ready_for_card_assembly,13,4,13,4,4,
RVTR088284,Ace Hood Ft. Future & Rick Ross,Bugatti,0,ready_for_card_assembly,15,7,15,7,4,
RVTR155060,Birdman F.Lil Wayne & Drake,Money To Blow,0,ready_for_card_assembly,16,3,16,3,4,
RVTR665246,Bo Diddley,Can't Judge A Book By The Cover,0,ready_for_card_assembly,16,5,16,5,4,
RVTR145525,Black Eyed Peas,Don't Phunk With My Heart,0,ready_for_card_assembly,10,4,10,4,4,
RVTR987205,Avril Lavigne,Here's To Never Growing Up,0,ready_for_card_assembly,12,6,12,6,6,
RVTR991843,Ariana Grande Ft. Nicki Minaj,Side To Side,0,ready_for_card_assembly,22,6,22,6,4,
RVTR498260,Aliotta Haynes Jeremiah,Lake Shore Drive,0,ready_for_card_assembly,10,6,10,6,3,
RVTR653855,Alicia Keys,Empire State Of Mind (Part II),0,ready_for_card_assembly,17,6,17,6,6,
RVTR186068,Afrojack f./Eva Simons,Take Over Control,0,ready_for_card_assembly,12,5,12,5,3,
RVTR072547,Andy Gibb,I Just Wanna Be Your Everything,0,ready_for_card_assembly,13,4,13,4,3,
RVTR082306,Anita Baker,Giving You The Best That I Got,0,ready_for_card_assembly,7,6,7,6,7,
RVTR566972,Armin Van Buuren f./Nadia Ali,Feels So Good,0,ready_for_card_assembly,14,4,14,4,3,
RVTR383880,B.B King. & Eric Clapton,Riding With The King,0,ready_for_card_assembly,7,3,7,3,2,
RVTR501687,Across the Universe,Happiness is a Warm Gun,0,ready_for_card_assembly,15,5,15,5,4,
RVTR650856,Barry Manilow,When The Good Times Come Again,0,ready_for_card_assembly,8,5,8,5,6,
RVTR796650,Billy J. Kramer And The Dakotas,From A Window,0,ready_for_card_assembly,4,2,4,2,2,
RVTR564563,Air Supply,Making Love Out Of Nothing At All,0,ready_for_card_assembly,12,7,12,7,7,
RVTR946035,Asher Roth,G.R.I.N.D. (Get Ready It's A New Day),0,ready_for_card_assembly,11,4,11,4,5,
RVTR333349,Axwell Feat Steve Edwards,Watch The Sunrise,0,ready_for_card_assembly,9,4,9,4,3,
RVTR380706,Gladys Knightl,I've Got to Use My Imagination,0,insufficient_approved_facts,2,1,2,1,1,Need at least 3 approved facts.
RVTR855851,Barry White,Can't Get Enough Of Your Love Babe,0,ready_for_card_assembly,13,6,13,6,6,
RVTR459851,Barry Manilow,Everything s Gonna Be All Right,0,ready_for_card_assembly,14,4,14,4,3,
RVTR315748,Billy Currington,Pretty Good At Drinkin' Beer,0,ready_for_card_assembly,11,6,11,6,6,
RVTR365043,Avicii And Sebastien Drums,My Feelings For You,0,ready_for_card_assembly,12,7,12,7,4,
RVTR422675,Billy Currington,Must Be Doin' Somethin' Right,0,ready_for_card_assembly,13,6,13,6,6,
RVTR066538,Blood Sweat & Tears,You've Made Me So Very Happy,0,ready_for_card_assembly,13,4,13,4,4,
RVTR193928,Blake Shelton feat. Gwen Stefani,Happy Anywhere,0,ready_for_card_assembly,14,4,14,4,3,
RVTR637780,Baby Bash f./Slim Thug & Stooie Bros,Swanananana,0,insufficient_approved_facts,2,1,2,1,2,Need at least 3 approved facts.
RVTR057748,Ariana Grande Ft. Iggy Azalea & Big Sean,Problem,0,ready_for_card_assembly,13,4,13,4,3,
RVTR248682,Black Rebel Motercycle Club,Beat The Devils Tattoo,0,insufficient_approved_facts,2,1,2,1,1,Need at least 3 approved facts.
RVTR245040,Aretha Franklin & Ray Charles,It Takes Two To Tango,0,ready_for_card_assembly,14,4,14,4,4,
RVTR095454,Billy Ocean,Caribbean Queen (No More Love On The Run),0,ready_for_card_assembly,6,5,6,5,7,
RVTR263086,Ariana Grande,"Break Up With Your Girlfriend, I'm Bored",0,ready_for_card_assembly,18,7,18,7,6,
RVTR292741,Afrika Bambaataa & The Soulsonic Force,Renegades of Funk,0,ready_for_card_assembly,14,5,14,5,3,
RVTR686981,Alex Gaudino Feat Crystal Waters,Destination Calabria,0,ready_for_card_assembly,9,5,9,5,3,
RVTR187192,Glenn Campbell,Wichita Lineman,0,ready_for_card_assembly,12,7,12,7,4,
RVTR660602,Johnny Rivers,Memphis Tennesee,0,ready_for_card_assembly,8,2,9,2,4,
RVTR749029,Chubby Checkers,Let's Twist Again,0,ready_for_card_assembly,8,3,8,3,2,
RVTR255602,Mamas and The Papas,California Dreamin,0,ready_for_card_assembly,20,4,20,4,4,