rvtr,artist,identitySource,canonicalTitle,normalizedTitleKey,graphTitle,graphTrackId,hasPrimaryVersion,repairSkipReason,skipGroup,skipGroupDetail,peakHot100
RVTR846822,zayn / taylor swift,hot100,I Don'T Wanna Live Forever Fi Feat Y Shades Darker,i don t wanna live forever  fifty shades darker,I Don't Wanna Live Forever (Fifty Shades Darker),31184,true,normalized_key_mismatch,other,Clean graph title fails normalized_title_key validation,2
RVTR747880,rita coolidge,hot100,Your Love Has Li Feat Ed Me Higher And Higher,your love has lifted me  higher and higher,(Your Love Has Lifted Me) Higher And Higher,26695,true,normalized_key_mismatch,other,Clean graph title fails normalized_title_key validation,2
RVTR232446,The Weeknd,hot100,Earned It Fi Feat Y Shades Of Grey,earned it  fifty shades of grey,Earned It (Fifty Shades Of Grey),1765,true,normalized_key_mismatch,other,Clean graph title fails normalized_title_key validation,3
RVTR696237,cher,hot100,A Feat Er All Love Theme From Chances Are,"after all  love theme from ""chances are""","After All (Love Theme From ""Chances Are"")",22775,true,normalized_key_mismatch,other,Clean graph title fails normalized_title_key validation,6
RVTR094257,nick lachey,hot100,What'S Le Feat Of Me,what s left of me,What's Left Of Me,29353,true,normalized_key_mismatch,other,Clean graph title fails normalized_title_key validation,6
RVTR057173,jackie wilson,hot100,Your Love Keeps Li Feat Ing Me Higher And Higher,your love keeps lifting me  higher and higher,(Your Love Keeps Lifting Me) Higher And Higher,23681,true,normalized_key_mismatch,other,Clean graph title fails normalized_title_key validation,6
RVTR235294,engelbert humperdinck,hot100,A Feat Er The Lovin',after the lovin,After The Lovin',5632,true,normalized_key_mismatch,other,Clean graph title fails normalized_title_key validation,8
RVTR134604,david ruffin,hot100,My Whole World Ended The Moment You Le Feat Me,my whole world ended  the moment you left me,My Whole World Ended (The Moment You Left Me),22600,true,normalized_key_mismatch,other,Clean graph title fails normalized_title_key validation,9
RVTR844978,The Temptations,hot100,I Could Never Love Another A Feat Er Loving You,i could never love another  after loving you,I Could Never Love Another (After Loving You),10287,true,normalized_key_mismatch,other,Clean graph title fails normalized_title_key validation,13
RVTR337730,patti page,hot100,Le Feat Right Out Of Your Heart Hi Lee Hi Lo Hi Lup Up Up,left right out of your heart  hi lee hi lo hi lup up up,Left Right Out Of Your Heart (Hi Lee Hi Lo Hi Lup Up Up),17278,true,normalized_key_mismatch,other,Clean graph title fails normalized_title_key validation,13
RVTR203662,The Moody Blues,hot100,Tuesday A Feat Ernoon Forever A Feat Ernoon,tuesday afternoon  forever afternoon,Tuesday Afternoon (Forever Afternoon),27337,true,normalized_key_mismatch,other,Clean graph title fails normalized_title_key validation,24
RVTR797262,brian hyland,hot100,Warmed Over Kisses Le Feat Over Love,warmed over kisses  left over love,Warmed Over Kisses (Left Over Love),24426,true,normalized_key_mismatch,other,Clean graph title fails normalized_title_key validation,25
RVTR253053,frank sinatra,hot100,So Feat Ly As I Leave You,"softly, as i leave you","Softly, As I Leave You",4475,true,normalized_key_mismatch,other,Clean graph title fails normalized_title_key validation,27
RVTR153333,rufus,hot100,At Midnight My Love Will Li Feat You Up,at midnight  my love will lift you up,At Midnight (My Love Will Lift You Up),20294,true,normalized_key_mismatch,other,Clean graph title fails normalized_title_key validation,30
RVTR315437,andy williams,hot100,Love Theme From The Godfather Speak So Feat Ly Love,"love theme from ""the godfather""  speak softly love","Love Theme From ""The Godfather"" (Speak Softly Love)",15148,true,normalized_key_mismatch,other,Clean graph title fails normalized_title_key validation,34
RVTR778571,pc quest,hot100,A Feat Er The Summer'S Gone,after the summer s gone,After The Summer's Gone,4724,true,normalized_key_mismatch,other,Clean graph title fails normalized_title_key validation,41
RVTR167151,The Byrds,hot100,5 D Fi Feat H Dimension,5 d  fifth dimension,5 D (Fifth Dimension),24127,true,normalized_key_mismatch,other,Clean graph title fails normalized_title_key validation,44
RVTR017747,bobby goldsboro,hot100,I'M A Dri Feat Er,i m a drifter,I'm A Drifter,13433,true,normalized_key_mismatch,other,Clean graph title fails normalized_title_key validation,46
RVTR086674,dierks bentley,hot100,Lot Of Leavin' Le Feat To Do,lot of leavin  left to do,Lot Of Leavin' Left To Do,4350,true,normalized_key_mismatch,other,Clean graph title fails normalized_title_key validation,47
RVTR674411,jeffrey osborne,hot100,She'S On The Le Feat,she s on the left,She's On The Left,23192,true,normalized_key_mismatch,other,Clean graph title fails normalized_title_key validation,48
RVTR637573,sam salter,hot100,A Feat Er 12 Before 6,"after 12, before 6","After 12, Before 6",245,true,normalized_key_mismatch,other,Clean graph title fails normalized_title_key validation,51
RVTR805523,cheech,hot100,Black Lassie Feat Uring Johnny Stash,black lassie  featuring johnny stash,Black Lassie (Featuring Johnny Stash),11983,true,normalized_key_mismatch,other,Clean graph title fails normalized_title_key validation,55
RVTR797635,shango,hot100,Day A Feat Er Day It'S Slippin' Away,day after day  it s slippin  away,Day After Day (It's Slippin' Away),16669,true,normalized_key_mismatch,other,Clean graph title fails normalized_title_key validation,57
RVTR540115,jerry reed,hot100,She Got The Goldmine I Got The Sha Feat,she got the goldmine  i got the shaft,She Got The Goldmine (i Got The Shaft),28384,true,normalized_key_mismatch,other,Clean graph title fails normalized_title_key validation,57
RVTR473355,puddle of mudd,hot100,Dri Feat Die,drift & die,Drift & Die,4693,true,normalized_key_mismatch,other,Clean graph title fails normalized_title_key validation,61
RVTR737715,barry mcguire,hot100,Cloudy Summer A Feat Ernoon Raindrops,cloudy summer afternoon  raindrops,Cloudy Summer Afternoon (Raindrops),11712,true,normalized_key_mismatch,other,Clean graph title fails normalized_title_key validation,62
RVTR472626,mac miller,hot100,Party On Fi Feat H Ave,party on fifth ave.,Party On Fifth Ave.,12867,true,normalized_key_mismatch,other,Clean graph title fails normalized_title_key validation,64
RVTR553722,crash test dummies,hot100,A Feat Ernoons Coffeespoons,afternoons & coffeespoons,Afternoons & Coffeespoons,15456,true,normalized_key_mismatch,other,Clean graph title fails normalized_title_key validation,66
RVTR123615,The Weeknd,hot100,Repeat A Feat Er Me Interlude,repeat after me  interlude,Repeat After Me (Interlude),24404,true,normalized_key_mismatch,other,Clean graph title fails normalized_title_key validation,69
RVTR016849,d'angelo,hot100,Le Feat Right,left & right,Left & Right,9197,true,normalized_key_mismatch,other,Clean graph title fails normalized_title_key validation,70
RVTR294286,drama,hot100,Le Feat Right Le Feat,"left, right, left","Left, Right, Left",2578,true,normalized_key_mismatch,other,Clean graph title fails normalized_title_key validation,73
RVTR414886,morgan wallen,hot100,Nothin' Le Feat,nothin  left,Nothin' Left,25540,true,normalized_key_mismatch,other,Clean graph title fails normalized_title_key validation,73
RVTR510328,teresa brewer,hot100,The One Rose That'S Le Feat In My Heart,the one rose  that s left in my heart,The One Rose (That's Left In My Heart),31287,true,normalized_key_mismatch,other,Clean graph title fails normalized_title_key validation,75
RVTR020509,liam payne,hot100,For You Fi Feat Y Shades Freed,for you  fifty shades freed,For You (Fifty Shades Freed),16433,true,normalized_key_mismatch,other,Clean graph title fails normalized_title_key validation,76
RVTR235056,nina simone,hot100,To Be Young Gi Feat Ed And Black,"to be young, gifted and black","To Be Young, Gifted And Black",7906,true,normalized_key_mismatch,other,Clean graph title fails normalized_title_key validation,76
RVTR326234,wade hayes,hot100,The Day That She Le Feat Tulsa In A Chevy,the day that she left tulsa  in a chevy,The Day That She Left Tulsa (In A Chevy),8079,true,normalized_key_mismatch,other,Clean graph title fails normalized_title_key validation,86
RVTR103886,taylor swift,hot100,Fi Feat Een Taylor'S Version,fifteen  taylor s version,Fifteen (Taylor's Version),7491,true,normalized_key_mismatch,other,Clean graph title fails normalized_title_key validation,88
RVTR292314,joe tex,hot100,Don'T Let Your Le Feat Hand Know,don t let your left hand know,Don't Let Your Left Hand Know,6108,true,normalized_key_mismatch,other,Clean graph title fails normalized_title_key validation,95
RVTR915490,bobby bland,hot100,Dri Feat In' Blues,driftin  blues,Driftin' Blues,27756,true,normalized_key_mismatch,other,Clean graph title fails normalized_title_key validation,96
RVTR175153,100 proof aged in soul,hot100,One Man'S Le Feat Overs Is Another Man'S Feast,one man s leftovers  is another man s feast,One Man's Leftovers (Is Another Man's Feast),14170,true,normalized_key_mismatch,other,Clean graph title fails normalized_title_key validation,96
RVTR300674,tinashe,vdj,2 On Feat Schoolboy Q,2 on feat schoolboy q,,,false,no_graph_title,vdj_only_identity,VDJ identity with no primary graph track — local filename-derived title,
RVTR527010,2012 (feat. Nicki Minaj),vdj,2012 It Ain'T The End Feat Nicki Minaj,2012 it ain't the end feat nicki minaj,,,false,no_graph_title,vdj_only_identity,VDJ identity with no primary graph track — local filename-derived title,
RVTR666546,meek mill,vdj,24 7 Feat Ella Mai,24 7 feat ella mai,,,false,no_graph_title,vdj_only_identity,VDJ identity with no primary graph track — local filename-derived title,
RVTR533588,madonna,vdj,4 Minutes Feat Justin Timberlake And Timbaland,4 minutes feat justin timberlake and timbaland,,,false,no_graph_title,vdj_only_identity,VDJ identity with no primary graph track — local filename-derived title,
RVTR653684,nena,vdj,99 Lu Feat Ballons,99 lu feat ballons,,,false,no_graph_title,vdj_only_identity,VDJ identity with no primary graph track — local filename-derived title,
RVTR082692,nena,vdj,99 Lu Feat Balloons English,99 lu feat balloons english,,,false,no_graph_title,vdj_only_identity,VDJ identity with no primary graph track — local filename-derived title,
RVTR854354,nena,vdj,99 Lu Feat Balloons German Version,99 lu feat balloons german version,,,false,no_graph_title,vdj_only_identity,VDJ identity with no primary graph track — local filename-derived title,
RVTR142559,Cher & Peter Cetra,vdj,A Feat Er All,a feat er all,,,false,no_graph_title,vdj_only_identity,VDJ identity with no primary graph track — local filename-derived title,
RVTR743539,Sylver (Jonathan Peters Mix),vdj,A Feat Er All This Time,a feat er all this time,,,false,no_graph_title,vdj_only_identity,VDJ identity with no primary graph track — local filename-derived title,
RVTR665343,journey,vdj,A Feat Er The Fall,a feat er the fall,,,false,no_graph_title,vdj_only_identity,VDJ identity with no primary graph track — local filename-derived title,
RVTR438772,Der Kommissar,vdj,A Feat Er The Fire,a feat er the fire,,,false,no_graph_title,vdj_only_identity,VDJ identity with no primary graph track — local filename-derived title,
RVTR577502,Al Hibbler,vdj,A Feat Er The Lights Go Down Low,a feat er the lights go down low,,,false,no_graph_title,vdj_only_identity,VDJ identity with no primary graph track — local filename-derived title,
RVTR791649,"Earth, Wind & Fire",vdj,A Feat Er The Love Has Gone,a feat er the love has gone,,,false,no_graph_title,vdj_only_identity,VDJ identity with no primary graph track — local filename-derived title,
RVTR964664,Princess,vdj,A Feat Er The Love Has Gone,a feat er the love has gone,,,false,no_graph_title,vdj_only_identity,VDJ identity with no primary graph track — local filename-derived title,
RVTR674312,Earth Wind Fire,vdj,A Feat Er The Love Has Gone,a feat er the love has gone,,,false,no_graph_title,vdj_only_identity,VDJ identity with no primary graph track — local filename-derived title,
RVTR213995,engelbert humperdinck,vdj,A Feat Er The Lovin,a feat er the lovin,,,false,no_graph_title,vdj_only_identity,VDJ identity with no primary graph track — local filename-derived title,
RVTR235293,engelbert humperdinck,vdj,A Feat Er The Lovin',a feat er the lovin',,,false,no_graph_title,vdj_only_identity,VDJ identity with no primary graph track — local filename-derived title,
RVTR568510,nelson,vdj,A Feat Er The Rain,a feat er the rain,,,false,no_graph_title,vdj_only_identity,VDJ identity with no primary graph track — local filename-derived title,
RVTR421156,Chuck Wagon Gang,vdj,A Feat Er The Sunrise,a feat er the sunrise,,,false,no_graph_title,vdj_only_identity,VDJ identity with no primary graph track — local filename-derived title,
RVTR588464,Wilkinson,vdj,A Feat Erglow,a feat erglow,,,false,no_graph_title,vdj_only_identity,VDJ identity with no primary graph track — local filename-derived title,
RVTR628729,Will Ferrell & The Channel 4 News Team,vdj,A Feat Ernoon Delight,a feat ernoon delight,,,false,no_graph_title,vdj_only_identity,VDJ identity with no primary graph track — local filename-derived title,
RVTR089109,starland vocal band,vdj,A Feat Ernoon Delight,a feat ernoon delight,,,false,no_graph_title,vdj_only_identity,VDJ identity with no primary graph track — local filename-derived title,
RVTR952258,Will Ferrell & The Channel 4 News Team,vdj,A Feat Ernoon Delight Anchorman,a feat ernoon delight anchorman,,,false,no_graph_title,vdj_only_identity,VDJ identity with no primary graph track — local filename-derived title,
RVTR538799,Walter Murphy And The Big Apple Band,vdj,A Fi Feat H Of Beethoven,a fi feat h of beethoven,,,false,no_graph_title,vdj_only_identity,VDJ identity with no primary graph track — local filename-derived title,
RVTR189190,walter murphy,vdj,A Fi Feat H Of Beethoven,a fi feat h of beethoven,,,false,no_graph_title,vdj_only_identity,VDJ identity with no primary graph track — local filename-derived title,
RVTR628434,jack johnson,vdj,Adri Feat,adri feat,,,false,no_graph_title,vdj_only_identity,VDJ identity with no primary graph track — local filename-derived title,
RVTR249691,"DJ Kahled featuring Snoop Dogg, T-Pain, Ludacris and Rick Ross",vdj,All I Do Is Win Feat T Pain Ludacris Snoop Dogg Rick Ross,all i do is win feat t pain ludacris snoop dogg rick ross,,,false,no_graph_title,vdj_only_identity,VDJ identity with no primary graph track — local filename-derived title,
RVTR640715,halsey,vdj,Alone Feat Big Sean Stefflon Don,alone feat big sean stefflon don,,,false,no_graph_title,vdj_only_identity,VDJ identity with no primary graph track — local filename-derived title,
RVTR322374,I'd Love to Change the World,vdj,Alvin Lee Ten Years A Feat Er,alvin lee ten years a feat er,,,false,no_graph_title,vdj_only_identity,VDJ identity with no primary graph track — local filename-derived title,
RVTR078628,Conor Maynard,vdj,Animal Feat Wiley,animal feat wiley,,,false,no_graph_title,vdj_only_identity,VDJ identity with no primary graph track — local filename-derived title,
RVTR035625,zac brown band,vdj,As She'S Walking Away Feat Alan Jackson,as she's walking away feat alan jackson,,,false,no_graph_title,vdj_only_identity,VDJ identity with no primary graph track — local filename-derived title,
RVTR761051,rick ross,vdj,Aston Martin Music Feat Drake Chrisette Michele,aston martin music feat drake chrisette michele,,,false,no_graph_title,vdj_only_identity,VDJ identity with no primary graph track — local filename-derived title,
RVTR903373,travis porter,vdj,Ayy Ladies Feat Tyga,ayy ladies feat tyga,,,false,no_graph_title,vdj_only_identity,VDJ identity with no primary graph track — local filename-derived title,
RVTR165930,dababy,vdj,Baby Sitter Feat Offset,baby sitter feat offset,,,false,no_graph_title,vdj_only_identity,VDJ identity with no primary graph track — local filename-derived title,
RVTR773517,louis tomlinson,vdj,Back To You Feat Bebe Rexha Digital Farm Animals,back to you feat bebe rexha digital farm animals,,,false,no_graph_title,vdj_only_identity,VDJ identity with no primary graph track — local filename-derived title,
RVTR129030,enrique iglesias,vdj,Bailando Feat Decemer Bueno And Gente De Zona,bailando feat decemer bueno and gente de zona,,,false,no_graph_title,vdj_only_identity,VDJ identity with no primary graph track — local filename-derived title,
RVTR691720,post malone,vdj,Ball For Me Feat Nicki Minaj,ball for me feat nicki minaj,,,false,no_graph_title,vdj_only_identity,VDJ identity with no primary graph track — local filename-derived title,
RVTR180521,skrillex,vdj,Bangarang Feat Sirah,bangarang feat sirah,,,false,no_graph_title,vdj_only_identity,VDJ identity with no primary graph track — local filename-derived title,
RVTR091195,maroon 5,vdj,Beautiful Mistakes Feat Megan Thee Stallion,beautiful mistakes feat megan thee stallion,,,false,no_graph_title,vdj_only_identity,VDJ identity with no primary graph track — local filename-derived title,
RVTR416537,ed sheeran,vdj,Beautiful People Feat Khalid,beautiful people feat khalid,,,false,no_graph_title,vdj_only_identity,VDJ identity with no primary graph track — local filename-derived title,
RVTR483814,justin bieber,vdj,Beauty And A Beat Feat Nicki Minaj,beauty and a beat feat nicki minaj,,,false,no_graph_title,vdj_only_identity,VDJ identity with no primary graph track — local filename-derived title,
RVTR956390,meek mill,vdj,Believe Feat Justin Timberlake,believe feat justin timberlake,,,false,no_graph_title,vdj_only_identity,VDJ identity with no primary graph track — local filename-derived title,
RVTR975113,lil' wayne,vdj,Believe Me Feat Drake,believe me feat drake,,,false,no_graph_title,vdj_only_identity,VDJ identity with no primary graph track — local filename-derived title,
RVTR358846,Phish,vdj,Birds Of The Feat Her,birds of the feat her,,,false,no_graph_title,vdj_only_identity,VDJ identity with no primary graph track — local filename-derived title,
RVTR779064,madonna,vdj,Bitch I M Madonna Feat Nicki Minaj,bitch i m madonna feat nicki minaj,,,false,no_graph_title,vdj_only_identity,VDJ identity with no primary graph track — local filename-derived title,
RVTR458364,iggy azalea,vdj,Black Widow Feat Rita Ora,black widow feat rita ora,,,false,no_graph_title,vdj_only_identity,VDJ identity with no primary graph track — local filename-derived title,
RVTR135868,Ke$ha,vdj,Blah Blah Blah Feat 3Oh 3,blah blah blah feat 3oh 3,,,false,no_graph_title,vdj_only_identity,VDJ identity with no primary graph track — local filename-derived title,
RVTR364214,breaking benjamin,vdj,Blow Me Away Feat Valora,blow me away feat valora,,,false,no_graph_title,vdj_only_identity,VDJ identity with no primary graph track — local filename-derived title,
RVTR408537,nelly,vdj,Body On Me Feat Akon,body on me feat akon,,,false,no_graph_title,vdj_only_identity,VDJ identity with no primary graph track — local filename-derived title,
RVTR690039,The Cult,vdj,Bohemia A Feat Erdark,bohemia a feat erdark,,,false,no_graph_title,vdj_only_identity,VDJ identity with no primary graph track — local filename-derived title,
RVTR338905,Junior Brown Highway Patrol ‌‌,vdj,Bohemia A Feat Erdark,bohemia a feat erdark,,,false,no_graph_title,vdj_only_identity,VDJ identity with no primary graph track — local filename-derived title,
RVTR987750,blake shelton,vdj,Boys 'Round Here Feat Pistol Annies Friends,boys 'round here feat pistol annies friends,,,false,no_graph_title,vdj_only_identity,VDJ identity with no primary graph track — local filename-derived title,
RVTR798592,tory lanez,vdj,Broke Leg Feat Quavo Tyga,broke leg feat quavo tyga,,,false,no_graph_title,vdj_only_identity,VDJ identity with no primary graph track — local filename-derived title,
RVTR164730,josh groban,vdj,Broken Vow Feat Uring David Foster,broken vow feat uring david foster,,,false,no_graph_title,vdj_only_identity,VDJ identity with no primary graph track — local filename-derived title,
RVTR772800,dwight yoakam,vdj,Bury Me Feat Maria Mckee,bury me feat maria mckee,,,false,no_graph_title,vdj_only_identity,VDJ identity with no primary graph track — local filename-derived title,
RVTR541080,jordan davis,vdj,Buy Dirt Feat Luke Bryan,buy dirt feat luke bryan,,,false,no_graph_title,vdj_only_identity,VDJ identity with no primary graph track — local filename-derived title,
RVTR726719,MACKLEMORE & RYAN LEWIS,vdj,Can'T Hold Us Feat Ray Dalton,can't hold us feat ray dalton,,,false,no_graph_title,vdj_only_identity,VDJ identity with no primary graph track — local filename-derived title,
RVTR495873,50 cent,vdj,Candy Shop Feat Olvia,candy shop feat olvia,,,false,no_graph_title,vdj_only_identity,VDJ identity with no primary graph track — local filename-derived title,
RVTR836366,josh groban,vdj,Canto Alla Vita Feat Uring The Corrs,canto alla vita feat uring the corrs,,,false,no_graph_title,vdj_only_identity,VDJ identity with no primary graph track — local filename-derived title,
RVTR376249,megan thee stallion,vdj,Cash Shit Feat Dababy,cash shit feat dababy,,,false,no_graph_title,vdj_only_identity,VDJ identity with no primary graph track — local filename-derived title,
RVTR616004,"Ryan Hurd, Maren Morris",vdj,Chasing A Feat Er You,chasing a feat er you,,,false,no_graph_title,vdj_only_identity,VDJ identity with no primary graph track — local filename-derived title,
RVTR362000,The Statler Brothers,vdj,Child Of The Fi Feat Ies,child of the fi feat ies,,,false,no_graph_title,vdj_only_identity,VDJ identity with no primary graph track — local filename-derived title,
RVTR373481,anuel aa,vdj,China Feat J Balvin Ozuna,china feat j balvin ozuna,,,false,no_graph_title,vdj_only_identity,VDJ identity with no primary graph track — local filename-derived title,
RVTR906315,PF Project,vdj,Choose Life Feat Ewan Mcgregor,choose life feat ewan mcgregor,,,false,no_graph_title,vdj_only_identity,VDJ identity with no primary graph track — local filename-derived title,
RVTR344556,offset,vdj,Clout Feat Cardi B,clout feat cardi b,,,false,no_graph_title,vdj_only_identity,VDJ identity with no primary graph track — local filename-derived title,
RVTR801510,leona lewis,vdj,Collide Feat Avicii,collide feat avicii,,,false,no_graph_title,vdj_only_identity,VDJ identity with no primary graph track — local filename-derived title,
RVTR735314,fleetwoods,vdj,Come So Feat Ly To Me,come so feat ly to me,,,false,no_graph_title,vdj_only_identity,VDJ identity with no primary graph track — local filename-derived title,
RVTR702065,h.e.r,vdj,Come Through Feat Chris Brown,come through feat chris brown,,,false,no_graph_title,vdj_only_identity,VDJ identity with no primary graph track — local filename-derived title,
RVTR604131,little mix,vdj,Confetti Feat Saweetie,confetti feat saweetie,,,false,no_graph_title,vdj_only_identity,VDJ identity with no primary graph track — local filename-derived title,
RVTR665316,kane brown,vdj,Cool Again Feat Nelly,cool again feat nelly,,,false,no_graph_title,vdj_only_identity,VDJ identity with no primary graph track — local filename-derived title,
RVTR542423,blueface,vdj,Daddy Feat Rich The Kid,daddy feat rich the kid,,,false,no_graph_title,vdj_only_identity,VDJ identity with no primary graph track — local filename-derived title,
RVTR947022,jennifer lopez,vdj,Dance Again Feat Pitbull,dance again feat pitbull,,,false,no_graph_title,vdj_only_identity,VDJ identity with no primary graph track — local filename-derived title,
RVTR520323,don omar,vdj,Danza Kuduro Feat Lucenzo,danza kuduro feat lucenzo,,,false,no_graph_title,vdj_only_identity,VDJ identity with no primary graph track — local filename-derived title,
RVTR297917,katy perry,vdj,Dark Horse Feat Juicy J,dark horse feat juicy j,,,false,no_graph_title,vdj_only_identity,VDJ identity with no primary graph track — local filename-derived title,
RVTR193930,badfinger,vdj,Day A Feat Er Day,day a feat er day,,,false,no_graph_title,vdj_only_identity,VDJ identity with no primary graph track — local filename-derived title,
RVTR894990,Inward Eye,vdj,Day A Feat Er Day,day a feat er day,,,false,no_graph_title,vdj_only_identity,VDJ identity with no primary graph track — local filename-derived title,
RVTR346052,pop smoke,vdj,Demeanor Feat Dua Lipa,demeanor feat dua lipa,,,false,no_graph_title,vdj_only_identity,VDJ identity with no primary graph track — local filename-derived title,
RVTR836150,chris brown,vdj,Deuces Feat Tyga Kevin Mccall,deuces feat tyga kevin mccall,,,false,no_graph_title,vdj_only_identity,VDJ identity with no primary graph track — local filename-derived title,
RVTR860216,The Weeknd,vdj,Die For It Feat Nas,die for it feat nas,,,false,no_graph_title,vdj_only_identity,VDJ identity with no primary graph track — local filename-derived title,
RVTR813339,garth brooks,vdj,Dive Bar Feat Blake Shelton,dive bar feat blake shelton,,,false,no_graph_title,vdj_only_identity,VDJ identity with no primary graph track — local filename-derived title,
RVTR572761,Usher Feat. Pitbull,vdj,Dj Got Us Fallin' In Love Feat Pitbull,dj got us fallin' in love feat pitbull,,,false,no_graph_title,vdj_only_identity,VDJ identity with no primary graph track — local filename-derived title,
RVTR608106,usher,vdj,Dj Got Us Fallin' In Love Feat Pitbull,dj got us fallin' in love feat pitbull,,,false,no_graph_title,vdj_only_identity,VDJ identity with no primary graph track — local filename-derived title,
RVTR326080,Wretch 32,vdj,Don'T Go Radio Edit Feat Josh Kumra,don't go radio edit feat josh kumra,,,false,no_graph_title,vdj_only_identity,VDJ identity with no primary graph track — local filename-derived title,
RVTR936853,The Chainsmokers,vdj,Don'T Let Me Down Feat Daya,don't let me down feat daya,,,false,no_graph_title,vdj_only_identity,VDJ identity with no primary graph track — local filename-derived title,
RVTR131022,pitbull,vdj,Don'T Stop The Party Feat Tjr,don't stop the party feat tjr,,,false,no_graph_title,vdj_only_identity,VDJ identity with no primary graph track — local filename-derived title,
RVTR150935,jeremih,vdj,Don'T Tell 'Em Feat Yg,don't tell 'em feat yg,,,false,no_graph_title,vdj_only_identity,VDJ identity with no primary graph track — local filename-derived title,
RVTR418102,charlie puth,vdj,Done For Me Feat Kehlani,done for me feat kehlani,,,false,no_graph_title,vdj_only_identity,VDJ identity with no primary graph track — local filename-derived title,
RVTR213016,jeremih,vdj,Down On Me Feat 50 Cent,down on me feat 50 cent,,,false,no_graph_title,vdj_only_identity,VDJ identity with no primary graph track — local filename-derived title,
RVTR422163,drake,vdj,Drake Fancy Feat T I Swizz Beatz,drake fancy feat t i swizz beatz,,,false,no_graph_title,vdj_only_identity,VDJ identity with no primary graph track — local filename-derived title,
RVTR692535,fleetwood mac,vdj,Dreams Cover Feat Elise Trouw,dreams cover feat elise trouw,,,false,no_graph_title,vdj_only_identity,VDJ identity with no primary graph track — local filename-derived title,
RVTR535399,puddle of mudd,vdj,Dri Feat And Die,dri feat and die,,,false,no_graph_title,vdj_only_identity,VDJ identity with no primary graph track — local filename-derived title,
RVTR549044,Uncle Kracker F. Dobie Gray,vdj,Dri Feat Away,dri feat away,,,false,no_graph_title,vdj_only_identity,VDJ identity with no primary graph track — local filename-derived title,
RVTR449032,uncle kracker,vdj,Dri Feat Away,dri feat away,,,false,no_graph_title,vdj_only_identity,VDJ identity with no primary graph track — local filename-derived title,
RVTR046018,dobie gray,vdj,Dri Feat Away,dri feat away,,,false,no_graph_title,vdj_only_identity,VDJ identity with no primary graph track — local filename-derived title,
RVTR841880,Lange Feat. Skye,vdj,Dri Feat Ing Away,dri feat ing away,,,false,no_graph_title,vdj_only_identity,VDJ identity with no primary graph track — local filename-derived title,
RVTR344517,calvin harris,vdj,Drinking From The Bottle Feat Tinie Tempah,drinking from the bottle feat tinie tempah,,,false,no_graph_title,vdj_only_identity,VDJ identity with no primary graph track — local filename-derived title,
RVTR612248,cardi b,vdj,Drip Feat Migos,drip feat migos,,,false,no_graph_title,vdj_only_identity,VDJ identity with no primary graph track — local filename-derived title,
RVTR326984,josh groban,vdj,E Ti Promettero Feat Uring Laura Pausini,e ti promettero feat uring laura pausini,,,false,no_graph_title,vdj_only_identity,VDJ identity with no primary graph track — local filename-derived title,
RVTR251983,labrinth,vdj,Earthquake Feat Tinie Tempah,earthquake feat tinie tempah,,,false,no_graph_title,vdj_only_identity,VDJ identity with no primary graph track — local filename-derived title,
RVTR659897,sia,vdj,Elastic Heart Feat Shia Labeouf Maddie Ziegler,elastic heart feat shia labeouf maddie ziegler,,,false,no_graph_title,vdj_only_identity,VDJ identity with no primary graph track — local filename-derived title,
RVTR697647,craig morgan,vdj,Every Friday A Feat Ernoon,every friday a feat ernoon,,,false,no_graph_title,vdj_only_identity,VDJ identity with no primary graph track — local filename-derived title,
RVTR284590,iggy azalea,vdj,Fancy Feat Charli Xcx,fancy feat charli xcx,,,false,no_graph_title,vdj_only_identity,VDJ identity with no primary graph track — local filename-derived title,
RVTR578885,Jae Mansa,vdj,Fate Feat A Lex,fate feat a lex,,,false,no_graph_title,vdj_only_identity,VDJ identity with no primary graph track — local filename-derived title,
RVTR840395,tyler childers,vdj,Feat Hered Indians,feat hered indians,,,false,no_graph_title,vdj_only_identity,VDJ identity with no primary graph track — local filename-derived title,
RVTR752549,Mahmut Orhan,vdj,Feel Feat Sena Sener,feel feat sena sener,,,false,no_graph_title,vdj_only_identity,VDJ identity with no primary graph track — local filename-derived title,
RVTR174745,pitbull,vdj,Feel This Moment Feat Christina Aguilera,feel this moment feat christina aguilera,,,false,no_graph_title,vdj_only_identity,VDJ identity with no primary graph track — local filename-derived title,
RVTR381933,calvin harris,vdj,Feels Feat Pharrell Williams Katy Perry Big Sean,feels feat pharrell williams katy perry big sean,,,false,no_graph_title,vdj_only_identity,VDJ identity with no primary graph track — local filename-derived title,
RVTR235180,taylor swift,vdj,Fi Feat Een,fi feat een,,,false,no_graph_title,vdj_only_identity,VDJ identity with no primary graph track — local filename-derived title,
RVTR939446,taylor swift,vdj,Fi Feat Een Album Version,fi feat een album version,,,false,no_graph_title,vdj_only_identity,VDJ identity with no primary graph track — local filename-derived title,
RVTR797640,C-Bool,vdj,Fire In My Head Feat Cadence Xyz,fire in my head feat cadence xyz,,,false,no_graph_title,vdj_only_identity,VDJ identity with no primary graph track — local filename-derived title,
RVTR937305,kygo,vdj,Firestone Feat Conrad Sewell,firestone feat conrad sewell,,,false,no_graph_title,vdj_only_identity,VDJ identity with no primary graph track — local filename-derived title,
RVTR887732,¥$: Kanye West,vdj,Flashing Lights Feat Dwele,flashing lights feat dwele,,,false,no_graph_title,vdj_only_identity,VDJ identity with no primary graph track — local filename-derived title,
RVTR339498,Simple Symphonies,vdj,Fluxland Feat Adila,fluxland feat adila,,,false,no_graph_title,vdj_only_identity,VDJ identity with no primary graph track — local filename-derived title,
RVTR088486,josh groban,vdj,For Always Feat Uring John Williams,for always feat uring john williams,,,false,no_graph_title,vdj_only_identity,VDJ identity with no primary graph track — local filename-derived title,
RVTR612477,luke combs,vdj,Forever A Feat Er All,forever a feat er all,,,false,no_graph_title,vdj_only_identity,VDJ identity with no primary graph track — local filename-derived title,
RVTR292749,Misen,vdj,Forgiveness Eextended Version Feat Jacob Groth,forgiveness eextended version feat jacob groth,,,false,no_graph_title,vdj_only_identity,VDJ identity with no primary graph track — local filename-derived title,
RVTR202728,lil dicky,vdj,Freaky Friday Feat Chris Brown,freaky friday feat chris brown,,,false,no_graph_title,vdj_only_identity,VDJ identity with no primary graph track — local filename-derived title,
RVTR441226,isaiah rashad,vdj,From The Garden Feat Lil Uzi Vert,from the garden feat lil uzi vert,,,false,no_graph_title,vdj_only_identity,VDJ identity with no primary graph track — local filename-derived title,
RVTR286191,Bingo Players,vdj,Get Up Rattle Radio Edit Feat Far East Movement,get up rattle radio edit feat far east movement,,,false,no_graph_title,vdj_only_identity,VDJ identity with no primary graph track — local filename-derived title,
RVTR446438,seether,vdj,Gi Feat,gi feat,,,false,no_graph_title,vdj_only_identity,VDJ identity with no primary graph track — local filename-derived title,
RVTR400391,seether,vdj,Gi Feat The,gi feat the,,,false,no_graph_title,vdj_only_identity,VDJ identity with no primary graph track — local filename-derived title,
RVTR120986,abba,vdj,Gimme Gimme Gimme A Man A Feat Er Midnight,gimme gimme gimme a man a feat er midnight,,,false,no_graph_title,vdj_only_identity,VDJ identity with no primary graph track — local filename-derived title,
RVTR339778,maroon 5,vdj,Girls Like You Feat Cardi B,girls like you feat cardi b,,,false,no_graph_title,vdj_only_identity,VDJ identity with no primary graph track — local filename-derived title,
RVTR269454,pitbull,vdj,Give Me Everything Feat Ne Yo Afrojack Nayer,give me everything feat ne yo afrojack nayer,,,false,no_graph_title,vdj_only_identity,VDJ identity with no primary graph track — local filename-derived title,
RVTR688989,eminem,vdj,Godzilla Feat Juice Wrld,godzilla feat juice wrld,,,false,no_graph_title,vdj_only_identity,VDJ identity with no primary graph track — local filename-derived title,
RVTR304671,Dizzee Rascal,vdj,Goin' Crazy Feat Robbie Williams,goin' crazy feat robbie williams,,,false,no_graph_title,vdj_only_identity,VDJ identity with no primary graph track — local filename-derived title,
RVTR353978,meek mill,vdj,Going Bad Feat Drake,going bad feat drake,,,false,no_graph_title,vdj_only_identity,VDJ identity with no primary graph track — local filename-derived title,
RVTR551266,rick ross,vdj,Gold Roses Feat Drake,gold roses feat drake,,,false,no_graph_title,vdj_only_identity,VDJ identity with no primary graph track — local filename-derived title,
RVTR461153,brian mcknight,vdj,Good Enough Feat Joe Carl T,good enough feat joe carl t,,,false,no_graph_title,vdj_only_identity,VDJ identity with no primary graph track — local filename-derived title,
RVTR695017,Kayne West/Graduation Day,vdj,Good Life Feat T Pain,good life feat t pain,,,false,no_graph_title,vdj_only_identity,VDJ identity with no primary graph track — local filename-derived title,
RVTR178502,sean paul,vdj,Got 2 Luv U Feat Alexis Jordan,got 2 luv u feat alexis jordan,,,false,no_graph_title,vdj_only_identity,VDJ identity with no primary graph track — local filename-derived title,
RVTR626943,fall out boy,vdj,Grand The Feat Autumn,grand the feat autumn,,,false,no_graph_title,vdj_only_identity,VDJ identity with no primary graph track — local filename-derived title,
RVTR470916,bhad bhabie,vdj,Gucci Flip Flops Feat Lil Yachty,gucci flip flops feat lil yachty,,,false,no_graph_title,vdj_only_identity,VDJ identity with no primary graph track — local filename-derived title,
RVTR728689,case,vdj,Happily Ever A Feat Er,happily ever a feat er,,,false,no_graph_title,vdj_only_identity,VDJ identity with no primary graph track — local filename-derived title,
RVTR001326,He Is We,vdj,Happily Ever A Feat Er,happily ever a feat er,,,false,no_graph_title,vdj_only_identity,VDJ identity with no primary graph track — local filename-derived title,
RVTR869475,Julia Fordham,vdj,Happy Ever A Feat Er,happy ever a feat er,,,false,no_graph_title,vdj_only_identity,VDJ identity with no primary graph track — local filename-derived title,
RVTR462146,camila cabello,vdj,Havana Feat Young Thug,havana feat young thug,,,false,no_graph_title,vdj_only_identity,VDJ identity with no primary graph track — local filename-derived title,
RVTR621477,olly murs,vdj,Heart Skips A Beat Feat Rizzle Kicks,heart skips a beat feat rizzle kicks,,,false,no_graph_title,vdj_only_identity,VDJ identity with no primary graph track — local filename-derived title,
RVTR774907,enrique iglesias,vdj,Heartbeat Feat Nicole Scherzinger,heartbeat feat nicole scherzinger,,,false,no_graph_title,vdj_only_identity,VDJ identity with no primary graph track — local filename-derived title,
RVTR994499,diplo,vdj,Heartless Feat Morgan Wallen,heartless feat morgan wallen,,,false,no_graph_title,vdj_only_identity,VDJ identity with no primary graph track — local filename-derived title,
RVTR567263,Hee Haw!,vdj,Hee Haw Pf Feat You Were Gone,hee haw pf feat you were gone,,,false,no_graph_title,vdj_only_identity,VDJ identity with no primary graph track — local filename-derived title,
RVTR655654,marshmello,vdj,Here With Me Feat Chvrches,here with me feat chvrches,,,false,no_graph_title,vdj_only_identity,VDJ identity with no primary graph track — local filename-derived title,
RVTR523103,ashanti,vdj,Hey Baby A Feat Er The Club,hey baby a feat er the club,,,false,no_graph_title,vdj_only_identity,VDJ identity with no primary graph track — local filename-derived title,
RVTR583305,Nu Soul,vdj,Hide A Way Feat Kelly Rich,hide a way feat kelly rich,,,false,no_graph_title,vdj_only_identity,VDJ identity with no primary graph track — local filename-derived title,
RVTR628702,roddy ricch,vdj,High Fashion Feat Mustard,high fashion feat mustard,,,false,no_graph_title,vdj_only_identity,VDJ identity with no primary graph track — local filename-derived title,
RVTR261964,blake shelton,vdj,Hillbilly Bone Feat Trace Adkins,hillbilly bone feat trace adkins,,,false,no_graph_title,vdj_only_identity,VDJ identity with no primary graph track — local filename-derived title,
RVTR829844,michael jackson,vdj,Hold My Hand Feat Akon Mastered,hold my hand feat akon mastered,,,false,no_graph_title,vdj_only_identity,VDJ identity with no primary graph track — local filename-derived title,
RVTR047786,chingy,vdj,Holidae In Feat Ludacris Snoo,holidae in feat ludacris snoo,,,false,no_graph_title,vdj_only_identity,VDJ identity with no primary graph track — local filename-derived title,
RVTR372365,young thug,vdj,Hot Feat Gunna,hot feat gunna,,,false,no_graph_title,vdj_only_identity,VDJ identity with no primary graph track — local filename-derived title,
RVTR388126,megan thee stallion,vdj,Hot Girl Summer Feat Nicki Minaj Ty Dolla Ign,hot girl summer feat nicki minaj ty dolla ign,,,false,no_graph_title,vdj_only_identity,VDJ identity with no primary graph track — local filename-derived title,
RVTR264059,bee gees,vdj,How Deep Is Your Love Bee Gees Cover Feat Josh Turner Reina Del Cid Carson Mckee,how deep is your love bee gees cover feat josh turner reina del cid carson mckee,,,false,no_graph_title,vdj_only_identity,VDJ identity with no primary graph track — local filename-derived title,
RVTR205500,Klart Der,vdj,Hvaskavilaveidagvito Feat Tyde T,hvaskavilaveidagvito feat tyde t,,,false,no_graph_title,vdj_only_identity,VDJ identity with no primary graph track — local filename-derived title,
RVTR817780,Sammy Kaye,vdj,I Le Feat My Heart At The Stage Door Canteen,i le feat my heart at the stage door canteen,,,false,no_graph_title,vdj_only_identity,VDJ identity with no primary graph track — local filename-derived title,
RVTR853641,enrique iglesias,vdj,I Like It Feat Pitbull,i like it feat pitbull,,,false,no_graph_title,vdj_only_identity,VDJ identity with no primary graph track — local filename-derived title,
RVTR981647,calvin harris,vdj,I Need Your Love Feat Ellie Goulding,i need your love feat ellie goulding,,,false,no_graph_title,vdj_only_identity,VDJ identity with no primary graph track — local filename-derived title,
RVTR119456,luther vandross,vdj,I'M Only Human Feat Cassandra Bob James,i'm only human feat cassandra bob james,,,false,no_graph_title,vdj_only_identity,VDJ identity with no primary graph track — local filename-derived title,
RVTR946514,ciara,vdj,I'M Out Feat Nicki Minaj,i'm out feat nicki minaj,,,false,no_graph_title,vdj_only_identity,VDJ identity with no primary graph track — local filename-derived title,
RVTR319160,dj khaled,vdj,I'M The One Feat Justin Bieber Quavo Chance The Rapper Lil Wayne,i'm the one feat justin bieber quavo chance the rapper lil wayne,,,false,no_graph_title,vdj_only_identity,VDJ identity with no primary graph track — local filename-derived title,
RVTR209644,East 17,vdj,If You Ever Feat Gabrielle,if you ever feat gabrielle,,,false,no_graph_title,vdj_only_identity,VDJ identity with no primary graph track — local filename-derived title,
RVTR180272,jennifer lopez,vdj,Im Gonna Be Alright Feat Nas,im gonna be alright feat nas,,,false,no_graph_title,vdj_only_identity,VDJ identity with no primary graph track — local filename-derived title,
RVTR114497,justin bieber,vdj,Intentions Feat Quavo,intentions feat quavo,,,false,no_graph_title,vdj_only_identity,VDJ identity with no primary graph track — local filename-derived title,
RVTR668588,quincy jones,vdj,It'S My Party Feat Amy Winehouse,it's my party feat amy winehouse,,,false,no_graph_title,vdj_only_identity,VDJ identity with no primary graph track — local filename-derived title,
RVTR904286,josh groban,vdj,Jesu Joy Of Man'S Desiring Feat Uring Lili Haydn,jesu joy of man's desiring feat uring lili haydn,,,false,no_graph_title,vdj_only_identity,VDJ identity with no primary graph track — local filename-derived title,
RVTR734550,zz top,vdj,Jesus Done Le Feat Chicago,jesus done le feat chicago,,,false,no_graph_title,vdj_only_identity,VDJ identity with no primary graph track — local filename-derived title,
RVTR876847,jack johnson,vdj,Jungle Gym Feat G Love,jungle gym feat g love,,,false,no_graph_title,vdj_only_identity,VDJ identity with no primary graph track — local filename-derived title,
RVTR308930,Pink,vdj,Just Give Me A Reason Feat Nate Ruess,just give me a reason feat nate ruess,,,false,no_graph_title,vdj_only_identity,VDJ identity with no primary graph track — local filename-derived title,
RVTR525327,zombie nation,vdj,Kernkra Feat 400,kernkra feat 400,,,false,no_graph_title,vdj_only_identity,VDJ identity with no primary graph track — local filename-derived title,
RVTR198862,fugees,vdj,Killing Me So Feat Ly,killing me so feat ly,,,false,no_graph_title,vdj_only_identity,VDJ identity with no primary graph track — local filename-derived title,
RVTR829278,roberta flack,vdj,Killing Me So Feat Ly,killing me so feat ly,,,false,no_graph_title,vdj_only_identity,VDJ identity with no primary graph track — local filename-derived title,
RVTR489393,roberta flack,vdj,Killing Me So Feat Ly Original,killing me so feat ly original,,,false,no_graph_title,vdj_only_identity,VDJ identity with no primary graph track — local filename-derived title,
RVTR538235,fugees,vdj,Killing Me So Feat Ly With His Song,killing me so feat ly with his song,,,false,no_graph_title,vdj_only_identity,VDJ identity with no primary graph track — local filename-derived title,
RVTR428092,roberta flack,vdj,Killing Me So Feat Ly With His Song,killing me so feat ly with his song,,,false,no_graph_title,vdj_only_identity,VDJ identity with no primary graph track — local filename-derived title,
RVTR070143,Jay Rock,vdj,Kings Dead Feat Kendrick Lamar Future,kings dead feat kendrick lamar future,,,false,no_graph_title,vdj_only_identity,VDJ identity with no primary graph track — local filename-derived title,
RVTR865966,tom jones,vdj,Kiss Feat Art Of Noise,kiss feat art of noise,,,false,no_graph_title,vdj_only_identity,VDJ identity with no primary graph track — local filename-derived title,
RVTR467417,zac brown band,vdj,Knee Deep Feat Jimmy Buffett,knee deep feat jimmy buffett,,,false,no_graph_title,vdj_only_identity,VDJ identity with no primary graph track — local filename-derived title,
RVTR791367,B.A. Robertson,vdj,Kool In The Ka Feat An,kool in the ka feat an,,,false,no_graph_title,vdj_only_identity,VDJ identity with no primary graph track — local filename-derived title,
RVTR798949,naughty boy,vdj,La La La Feat Sam Smith,la la la feat sam smith,,,false,no_graph_title,vdj_only_identity,VDJ identity with no primary graph track — local filename-derived title,
RVTR065661,bryce vine,vdj,La La Land Feat Yg,la la land feat yg,,,false,no_graph_title,vdj_only_identity,VDJ identity with no primary graph track — local filename-derived title,
RVTR341214,disclosure,vdj,Latch Feat Sam Smith,latch feat sam smith,,,false,no_graph_title,vdj_only_identity,VDJ identity with no primary graph track — local filename-derived title,
RVTR300966,disclosure,vdj,Latch Feat Uring Sam Smith,latch feat uring sam smith,,,false,no_graph_title,vdj_only_identity,VDJ identity with no primary graph track — local filename-derived title,
RVTR700437,Slipknot,vdj,Le Feat Behind,le feat behind,,,false,no_graph_title,vdj_only_identity,VDJ identity with no primary graph track — local filename-derived title,
RVTR592994,alt-j,vdj,Le Feat Hand Free,le feat hand free,,,false,no_graph_title,vdj_only_identity,VDJ identity with no primary graph track — local filename-derived title,
RVTR630024,Sarah Jarosz,vdj,Le Feat Home Album Version,le feat home album version,,,false,no_graph_title,vdj_only_identity,VDJ identity with no primary graph track — local filename-derived title,
RVTR021397,Mini Viva,vdj,Le Feat My Heart In Tokyo,le feat my heart in tokyo,,,false,no_graph_title,vdj_only_identity,VDJ identity with no primary graph track — local filename-derived title,
RVTR312770,Charlie Spivak v/Garry Stevens,vdj,Le Feat My Ht Stage Door Canteen,le feat my ht stage door canteen,,,false,no_graph_title,vdj_only_identity,VDJ identity with no primary graph track — local filename-derived title,
RVTR882775,anastacia,vdj,Le Feat Outside Alone,le feat outside alone,,,false,no_graph_title,vdj_only_identity,VDJ identity with no primary graph track — local filename-derived title,
RVTR035530,dj snake,vdj,Let Me Love You Feat Justin Bieber,let me love you feat justin bieber,,,false,no_graph_title,vdj_only_identity,VDJ identity with no primary graph track — local filename-derived title,
RVTR429666,sean kingston,vdj,Letting Go Dutty Love Feat Uring Nicki Minaj,letting go dutty love feat uring nicki minaj,,,false,no_graph_title,vdj_only_identity,VDJ identity with no primary graph track — local filename-derived title,
RVTR511713,Lighthouse Family,vdj,Li Feat Ed,li feat ed,,,false,no_graph_title,vdj_only_identity,VDJ identity with no primary graph track — local filename-derived title,
RVTR417399,Naughty Boy Feat. Emeli Sandé,vdj,Li Feat Ed,li feat ed,,,false,no_graph_title,vdj_only_identity,VDJ identity with no primary graph track — local filename-derived title,
RVTR219533,Geri Halliwell,vdj,Li Feat Me Up,li feat me up,,,false,no_graph_title,vdj_only_identity,VDJ identity with no primary graph track — local filename-derived title,
RVTR347884,moby,vdj,Li Feat Me Up Mylo Mix,li feat me up mylo mix,,,false,no_graph_title,vdj_only_identity,VDJ identity with no primary graph track — local filename-derived title,
RVTR914159,daughtry,vdj,Life A Feat Er You,life a feat er you,,,false,no_graph_title,vdj_only_identity,VDJ identity with no primary graph track — local filename-derived title,
RVTR196058,Wiley,vdj,Lights On Feat Angel Tinchy Stryder,lights on feat angel tinchy stryder,,,false,no_graph_title,vdj_only_identity,VDJ identity with no primary graph track — local filename-derived title,
RVTR219801,josh groban,vdj,Little Drummer Boy Feat Uring Guitarist Andy Mckee,little drummer boy feat uring guitarist andy mckee,,,false,no_graph_title,vdj_only_identity,VDJ identity with no primary graph track — local filename-derived title,
RVTR043722,nelly,vdj,Liv Tonight Feat Keri Hilson,liv tonight feat keri hilson,,,false,no_graph_title,vdj_only_identity,VDJ identity with no primary graph track — local filename-derived title,
RVTR487154,judas priest,vdj,Living A Feat Er Midnight,living a feat er midnight,,,false,no_graph_title,vdj_only_identity,VDJ identity with no primary graph track — local filename-derived title,
RVTR659858,Big Kenny,vdj,Long A Feat Er I'M Gone,long a feat er i'm gone,,,false,no_graph_title,vdj_only_identity,VDJ identity with no primary graph track — local filename-derived title,
RVTR289136,fray,vdj,Look A Feat Er You,look a feat er you,,,false,no_graph_title,vdj_only_identity,VDJ identity with no primary graph track — local filename-derived title,
RVTR712513,blocboy jb,vdj,Look Alive Feat Drake,look alive feat drake,,,false,no_graph_title,vdj_only_identity,VDJ identity with no primary graph track — local filename-derived title,
RVTR313698,ronnie milsap,vdj,Lost In The Fi Feat Ies Tonight,lost in the fi feat ies tonight,,,false,no_graph_title,vdj_only_identity,VDJ identity with no primary graph track — local filename-derived title,
RVTR521484,ronnie milsap,vdj,Lost In The Fi Feat Ies Tonight In The Still Of The Night,lost in the fi feat ies tonight in the still of the night,,,false,no_graph_title,vdj_only_identity,VDJ identity with no primary graph track — local filename-derived title,
RVTR966058,dierks bentley,vdj,Lot Of Leavin Le Feat To Do,lot of leavin le feat to do,,,false,no_graph_title,vdj_only_identity,VDJ identity with no primary graph track — local filename-derived title,
RVTR715585,robin thicke,vdj,Love A Feat Er War,love a feat er war,,,false,no_graph_title,vdj_only_identity,VDJ identity with no primary graph track — local filename-derived title,
RVTR436212,eminem,vdj,Love The Way You Lie Feat Rihanna,love the way you lie feat rihanna,,,false,no_graph_title,vdj_only_identity,VDJ identity with no primary graph track — local filename-derived title,
RVTR900868,chris brown,vdj,Loyal East Coast Version Feat Lil Wayne French Montana,loyal east coast version feat lil wayne french montana,,,false,no_graph_title,vdj_only_identity,VDJ identity with no primary graph track — local filename-derived title,
RVTR121056,partynextdoor,vdj,Loyal Feat Drake,loyal feat drake,,,false,no_graph_title,vdj_only_identity,VDJ identity with no primary graph track — local filename-derived title,
RVTR959878,chris brown,vdj,Loyal West Coast Version Feat Lil Wayne Too Hort,loyal west coast version feat lil wayne too hort,,,false,no_graph_title,vdj_only_identity,VDJ identity with no primary graph track — local filename-derived title,
RVTR478491,jack johnson,vdj,Lullaby Feat Matt Costa,lullaby feat matt costa,,,false,no_graph_title,vdj_only_identity,VDJ identity with no primary graph track — local filename-derived title,
RVTR048143,Social House,vdj,Magic In The Hamptons Feat Lil Yachty,magic in the hamptons feat lil yachty,,,false,no_graph_title,vdj_only_identity,VDJ identity with no primary graph track — local filename-derived title,
RVTR023519,taylor swift,vdj,Me Feat Brendon Urie Of Panic At The Disco,me feat brendon urie of panic at the disco,,,false,no_graph_title,vdj_only_identity,VDJ identity with no primary graph track — local filename-derived title,
RVTR630442,tim mcgraw,vdj,Meanwhile Back At Mama'S Feat Faith Hill,meanwhile back at mama's feat faith hill,,,false,no_graph_title,vdj_only_identity,VDJ identity with no primary graph track — local filename-derived title,
RVTR661932,josh groban,vdj,Mi Mancherai Feat Uring Joshua Bell,mi mancherai feat uring joshua bell,,,false,no_graph_title,vdj_only_identity,VDJ identity with no primary graph track — local filename-derived title,
RVTR708363,cobra starship,vdj,Middle Finger Feat Mac Miller,middle finger feat mac miller,,,false,no_graph_title,vdj_only_identity,VDJ identity with no primary graph track — local filename-derived title,
RVTR913115,David Benoit,vdj,Miles A Feat Er Dark,miles a feat er dark,,,false,no_graph_title,vdj_only_identity,VDJ identity with no primary graph track — local filename-derived title,
RVTR232941,¥$: Kanye West,vdj,Monster Feat Rick Ross Jay Z Nicki Minaj Atg Bon Iver,monster feat rick ross jay z nicki minaj atg bon iver,,,false,no_graph_title,vdj_only_identity,VDJ identity with no primary graph track — local filename-derived title,
RVTR481869,Timbaland F.Nelly Furtado,vdj,Morning A Feat Er Dark,morning a feat er dark,,,false,no_graph_title,vdj_only_identity,VDJ identity with no primary graph track — local filename-derived title,
RVTR044792,timbaland,vdj,Morning A Feat Er Dark,morning a feat er dark,,,false,no_graph_title,vdj_only_identity,VDJ identity with no primary graph track — local filename-derived title,
RVTR763659,maroon 5,vdj,Moves Like Jagger Feat Christina Aguilera,moves like jagger feat christina aguilera,,,false,no_graph_title,vdj_only_identity,VDJ identity with no primary graph track — local filename-derived title,
RVTR448583,maroon 5,vdj,Moves Like Jagger Feat Christina Aguilera Official Music Video,moves like jagger feat christina aguilera official music video,,,false,no_graph_title,vdj_only_identity,VDJ identity with no primary graph track — local filename-derived title,
RVTR678887,Janet Jackson/Kanye West,vdj,My Baby Feat Uring Kanye West,my baby feat uring kanye west,,,false,no_graph_title,vdj_only_identity,VDJ identity with no primary graph track — local filename-derived title,
RVTR687516,Man From Delmonte,vdj,My Love Is Like A Gi Feat You Can'T Return,my love is like a gi feat you can't return,,,false,no_graph_title,vdj_only_identity,VDJ identity with no primary graph track — local filename-derived title,
RVTR134605,david ruffin,vdj,My Whole World Ended The Moment You Le Feat Me,my whole world ended the moment you le feat me,,,false,no_graph_title,vdj_only_identity,VDJ identity with no primary graph track — local filename-derived title,
RVTR606980,Duke Dumont,vdj,Need U 100 Feat A M E,need u 100 feat a m e,,,false,no_graph_title,vdj_only_identity,VDJ identity with no primary graph track — local filename-derived title,
RVTR920842,justin bieber,vdj,Never Say Never Feat Jaden Smith,never say never feat jaden smith,,,false,no_graph_title,vdj_only_identity,VDJ identity with no primary graph track — local filename-derived title,
RVTR330791,The Commodores,vdj,Nightshi Feat,nightshi feat,,,false,no_graph_title,vdj_only_identity,VDJ identity with no primary graph track — local filename-derived title,
RVTR699945,eminem,vdj,No Love Feat Lil Wayne,no love feat lil wayne,,,false,no_graph_title,vdj_only_identity,VDJ identity with no primary graph track — local filename-derived title,
RVTR232938,ariana grande,vdj,No Tears Le Feat To Cry,no tears le feat to cry,,,false,no_graph_title,vdj_only_identity,VDJ identity with no primary graph track — local filename-derived title,
RVTR456589,rudimental,vdj,Not Giving In Radio Edit Feat John Newman Alex Clare,not giving in radio edit feat john newman alex clare,,,false,no_graph_title,vdj_only_identity,VDJ identity with no primary graph track — local filename-derived title,
RVTR791369,mark ronson,vdj,Nothing Breaks Like A Heart Feat Miley Cyrus,nothing breaks like a heart feat miley cyrus,,,false,no_graph_title,vdj_only_identity,VDJ identity with no primary graph track — local filename-derived title,
RVTR385169,mat kearney,vdj,Nothing Le Feat To Lose,nothing le feat to lose,,,false,no_graph_title,vdj_only_identity,VDJ identity with no primary graph track — local filename-derived title,
RVTR719736,Matt Kearney,vdj,Nothing Le Feat To Lose,nothing le feat to lose,,,false,no_graph_title,vdj_only_identity,VDJ identity with no primary graph track — local filename-derived title,
RVTR903613,Tinchy Stryder,vdj,Off The Record Radio Edit Feat Calvin Harris Burns,off the record radio edit feat calvin harris burns,,,false,no_graph_title,vdj_only_identity,VDJ identity with no primary graph track — local filename-derived title,
RVTR961024,wale,vdj,On Chill Feat Jeremih,on chill feat jeremih,,,false,no_graph_title,vdj_only_identity,VDJ identity with no primary graph track — local filename-derived title,
RVTR709351,The Beatles,vdj,One A Feat Er 909,one a feat er 909,,,false,no_graph_title,vdj_only_identity,VDJ identity with no primary graph track — local filename-derived title,
RVTR505958,marshmello,vdj,One Thing Right Feat Kane Brown,one thing right feat kane brown,,,false,no_graph_title,vdj_only_identity,VDJ identity with no primary graph track — local filename-derived title,
RVTR096197,Willie Nelson & Bob Dylan,vdj,Pancho And Le Feat Y,pancho and le feat y,,,false,no_graph_title,vdj_only_identity,VDJ identity with no primary graph track — local filename-derived title,
RVTR028902,Willie Nelson & Merle Haggard,vdj,Pancho And Le Feat Y,pancho and le feat y,,,false,no_graph_title,vdj_only_identity,VDJ identity with no primary graph track — local filename-derived title,
RVTR508978,merle haggard,vdj,Pancho And Le Feat Y,pancho and le feat y,,,false,no_graph_title,vdj_only_identity,VDJ identity with no primary graph track — local filename-derived title,
RVTR250678,¥$: Kanye West,vdj,Paranoid Feat Uring Mr Hudson,paranoid feat uring mr hudson,,,false,no_graph_title,vdj_only_identity,VDJ identity with no primary graph track — local filename-derived title,
RVTR671852,justin bieber,vdj,Peaches Feat Daniel Caesar Giveon,peaches feat daniel caesar giveon,,,false,no_graph_title,vdj_only_identity,VDJ identity with no primary graph track — local filename-derived title,
RVTR604139,jonas blue,vdj,Perfect Strangers Feat Jp Cooper,perfect strangers feat jp cooper,,,false,no_graph_title,vdj_only_identity,VDJ identity with no primary graph track — local filename-derived title,
RVTR791257,david guetta,vdj,Play Hard Feat Ne Yo Akon,play hard feat ne yo akon,,,false,no_graph_title,vdj_only_identity,VDJ identity with no primary graph track — local filename-derived title,
RVTR647698,"Rae Sremmurd, Swae Lee & Slim Jxmmi",vdj,Powerglide Feat Juicy J,powerglide feat juicy j,,,false,no_graph_title,vdj_only_identity,VDJ identity with no primary graph track — local filename-derived title,
RVTR543468,post malone,vdj,Psycho Feat Ty Dolla Ign,psycho feat ty dolla ign,,,false,no_graph_title,vdj_only_identity,VDJ identity with no primary graph track — local filename-derived title,
RVTR298435,brandy,vdj,Put It Down Feat Chris Brown,put it down feat chris brown,,,false,no_graph_title,vdj_only_identity,VDJ identity with no primary graph track — local filename-derived title,
RVTR010289,pitbull,vdj,Rain Over Me Feat Marc Anthony,rain over me feat marc anthony,,,false,no_graph_title,vdj_only_identity,VDJ identity with no primary graph track — local filename-derived title,
RVTR479011,clean bandit,vdj,Rather Be Feat Jess Glynne,rather be feat jess glynne,,,false,no_graph_title,vdj_only_identity,VDJ identity with no primary graph track — local filename-derived title,
RVTR804029,Professor Green,vdj,Read All About It Radio Edit Feat Emeli Sand,read all about it radio edit feat emeli sand,,,false,no_graph_title,vdj_only_identity,VDJ identity with no primary graph track — local filename-derived title,
RVTR970426,Lonr.,vdj,Read My Mind Feat Yung Bleu,read my mind feat yung bleu,,,false,no_graph_title,vdj_only_identity,VDJ identity with no primary graph track — local filename-derived title,
RVTR875587,mott the hoople,vdj,Ready For Love A Feat Er Lights,ready for love a feat er lights,,,false,no_graph_title,vdj_only_identity,VDJ identity with no primary graph track — local filename-derived title,
RVTR322621,"Billy Ray Cyrus, Miley Cyrus",vdj,Ready Set Don'T Go Feat Miley Cyrus,ready set don't go feat miley cyrus,,,false,no_graph_title,vdj_only_identity,VDJ identity with no primary graph track — local filename-derived title,
RVTR500211,demi lovato,vdj,Really Don'T Care Feat Cher Lloyd,really don't care feat cher lloyd,,,false,no_graph_title,vdj_only_identity,VDJ identity with no primary graph track — local filename-derived title,
RVTR149342,justin bieber,vdj,Red Eye Feat Troyboi,red eye feat troyboi,,,false,no_graph_title,vdj_only_identity,VDJ identity with no primary graph track — local filename-derived title,
RVTR046391,lil skies,vdj,Red Roses Feat Landon Cube,red roses feat landon cube,,,false,no_graph_title,vdj_only_identity,VDJ identity with no primary graph track — local filename-derived title,
RVTR039648,Wiley,vdj,Reload Radio Edit Feat Chip,reload radio edit feat chip,,,false,no_graph_title,vdj_only_identity,VDJ identity with no primary graph track — local filename-derived title,
RVTR406215,paul simon,vdj,Rene And Georgette Magritte With Their Dog A Feat Er The War,rene and georgette magritte with their dog a feat er the war,,,false,no_graph_title,vdj_only_identity,VDJ identity with no primary graph track — local filename-derived title,
RVTR281144,Devlin,vdj,Rewind Radio Edit Feat Diane Birch,rewind radio edit feat diane birch,,,false,no_graph_title,vdj_only_identity,VDJ identity with no primary graph track — local filename-derived title,
RVTR525099,nelly,vdj,Ride Wit Me Official Music Video Feat St Lunatics,ride wit me official music video feat st lunatics,,,false,no_graph_title,vdj_only_identity,VDJ identity with no primary graph track — local filename-derived title,
RVTR145897,jonas blue,vdj,Rise Feat Jack Jack,rise feat jack jack,,,false,no_graph_title,vdj_only_identity,VDJ identity with no primary graph track — local filename-derived title,
RVTR902302,Lil Nas X & Nas,vdj,Rodeo Feat Nas,rodeo feat nas,,,false,no_graph_title,vdj_only_identity,VDJ identity with no primary graph track — local filename-derived title,
RVTR729195,dashboard confessional,vdj,Roo Feat Ops Invitations,roo feat ops invitations,,,false,no_graph_title,vdj_only_identity,VDJ identity with no primary graph track — local filename-derived title,
RVTR751296,lizzo,vdj,Rumors Feat Cardi B,rumors feat cardi b,,,false,no_graph_title,vdj_only_identity,VDJ identity with no primary graph track — local filename-derived title,
RVTR281554,¥$: Kanye West,vdj,Runaway Feat Pusha T,runaway feat pusha t,,,false,no_graph_title,vdj_only_identity,VDJ identity with no primary graph track — local filename-derived title,
RVTR134996,ludacris,vdj,Runaway Love Feat Mary J Blige,runaway love feat mary j blige,,,false,no_graph_title,vdj_only_identity,VDJ identity with no primary graph track — local filename-derived title,
RVTR134010,usher,vdj,S Feat S Hot Tottie Feat Jay Z Radio Edit,s feat s hot tottie feat jay z radio edit,,,false,no_graph_title,vdj_only_identity,VDJ identity with no primary graph track — local filename-derived title,
RVTR020534,post malone,vdj,Same Bitches Feat G Eazy Yg,same bitches feat g eazy yg,,,false,no_graph_title,vdj_only_identity,VDJ identity with no primary graph track — local filename-derived title,
RVTR114395,Jhené Aiko,vdj,Sativa Feat Rae Sremmurd,sativa feat rae sremmurd,,,false,no_graph_title,vdj_only_identity,VDJ identity with no primary graph track — local filename-derived title,
RVTR972018,Shut Up and Dance,vdj,Save It 'Till The Mourning A Feat Er,save it 'till the mourning a feat er,,,false,no_graph_title,vdj_only_identity,VDJ identity with no primary graph track — local filename-derived title,
RVTR925007,Dvtch Norris,vdj,Save Us Feat Rori,save us feat rori,,,false,no_graph_title,vdj_only_identity,VDJ identity with no primary graph track — local filename-derived title,
RVTR218490,justin timberlake,vdj,Say Something Feat Chris Stapleton,say something feat chris stapleton,,,false,no_graph_title,vdj_only_identity,VDJ identity with no primary graph track — local filename-derived title,
RVTR516219,will.i.am,vdj,Scream Shout Feat Britney Spears,scream shout feat britney spears,,,false,no_graph_title,vdj_only_identity,VDJ identity with no primary graph track — local filename-derived title,
RVTR296241,lloyd,vdj,Set Adri Feat Around The World,set adri feat around the world,,,false,no_graph_title,vdj_only_identity,VDJ identity with no primary graph track — local filename-derived title,
RVTR594134,p.m. dawn,vdj,Set Adri Feat On Memory Bliss,set adri feat on memory bliss,,,false,no_graph_title,vdj_only_identity,VDJ identity with no primary graph track — local filename-derived title,
RVTR476103,Pm Dawn,vdj,Set Adri Feat On Memory Bliss,set adri feat on memory bliss,,,false,no_graph_title,vdj_only_identity,VDJ identity with no primary graph track — local filename-derived title,
RVTR224532,isaac hayes,vdj,Sha Feat,sha feat,,,false,no_graph_title,vdj_only_identity,VDJ identity with no primary graph track — local filename-derived title,
RVTR297475,P.Diddy Nelly & Murphy Lee,vdj,Shake Ya Tail Feat Her,shake ya tail feat her,,,false,no_graph_title,vdj_only_identity,VDJ identity with no primary graph track — local filename-derived title,
RVTR756372,Nelly P. Diddy And Murphy Lee,vdj,Shake Ya Tail Feat Her,shake ya tail feat her,,,false,no_graph_title,vdj_only_identity,VDJ identity with no primary graph track — local filename-derived title,
RVTR048991,nelly,vdj,Shake Ya Tail Feat Her,shake ya tail feat her,,,false,no_graph_title,vdj_only_identity,VDJ identity with no primary graph track — local filename-derived title,
RVTR308072,beyonce,vdj,She'S Like The Wind Feat Tony Sunshine,she's like the wind feat tony sunshine,,,false,no_graph_title,vdj_only_identity,VDJ identity with no primary graph track — local filename-derived title,
RVTR772205,kenny chesney,vdj,Shi Feat Work,shi feat work,,,false,no_graph_title,vdj_only_identity,VDJ identity with no primary graph track — local filename-derived title,
RVTR866457,Kenny Chesney feat. George Strait,vdj,Shi Feat Work,shi feat work,,,false,no_graph_title,vdj_only_identity,VDJ identity with no primary graph track — local filename-derived title,
RVTR727391,paul simon,vdj,Shopli Feat Ing Clothes,shopli feat ing clothes,,,false,no_graph_title,vdj_only_identity,VDJ identity with no primary graph track — local filename-derived title,
RVTR994213,ariana grande,vdj,Side To Side Feat Nicki Minaj,side to side feat nicki minaj,,,false,no_graph_title,vdj_only_identity,VDJ identity with no primary graph track — local filename-derived title,
RVTR425401,melissa etheridge,vdj,Simmilar Feat Ures,simmilar feat ures,,,false,no_graph_title,vdj_only_identity,VDJ identity with no primary graph track — local filename-derived title,
RVTR877257,twista,vdj,Slow Jamz Feat Kanye West And Jamie Foxx Explicit,slow jamz feat kanye west and jamie foxx explicit,,,false,no_graph_title,vdj_only_identity,VDJ identity with no primary graph track — local filename-derived title,
RVTR590644,juvenile,vdj,Slow Motion Feat Soulja Slim,slow motion feat soulja slim,,,false,no_graph_title,vdj_only_identity,VDJ identity with no primary graph track — local filename-derived title,
RVTR512352,brantley gilbert,vdj,Small Town Throwdown Feat Justin Moore Thomas Rhett,small town throwdown feat justin moore thomas rhett,,,false,no_graph_title,vdj_only_identity,VDJ identity with no primary graph track — local filename-derived title,
RVTR494622,love,vdj,So Feat Ly To Me,so feat ly to me,,,false,no_graph_title,vdj_only_identity,VDJ identity with no primary graph track — local filename-derived title,
RVTR984296,JMSN,vdj,So Feat Spot,so feat spot,,,false,no_graph_title,vdj_only_identity,VDJ identity with no primary graph track — local filename-derived title,
RVTR748102,Eddy Heywood,vdj,So Feat Summer Breeze,so feat summer breeze,,,false,no_graph_title,vdj_only_identity,VDJ identity with no primary graph track — local filename-derived title,
RVTR208281,trillville,vdj,Some Cut Feat Cutty,some cut feat cutty,,,false,no_graph_title,vdj_only_identity,VDJ identity with no primary graph track — local filename-derived title,
RVTR492332,Todd Terry,vdj,Something Goin' On Feat Martha Wash Jocelyn Brown,something goin' on feat martha wash jocelyn brown,,,false,no_graph_title,vdj_only_identity,VDJ identity with no primary graph track — local filename-derived title,
RVTR512167,ed sheeran,vdj,South Of The Border Feat Camila Cabello Cardi B,south of the border feat camila cabello cardi b,,,false,no_graph_title,vdj_only_identity,VDJ identity with no primary graph track — local filename-derived title,
RVTR903627,post malone,vdj,Spoil My Night Feat Swae Lee,spoil my night feat swae lee,,,false,no_graph_title,vdj_only_identity,VDJ identity with no primary graph track — local filename-derived title,
RVTR309631,roddy ricch,vdj,Start Wit Me Feat Gunna,start wit me feat gunna,,,false,no_graph_title,vdj_only_identity,VDJ identity with no primary graph track — local filename-derived title,
RVTR751089,rihanna,vdj,Stay Feat Mikky Ekko,stay feat mikky ekko,,,false,no_graph_title,vdj_only_identity,VDJ identity with no primary graph track — local filename-derived title,
RVTR207756,gym class heroes,vdj,Stereo Hearts Feat Adam Levine,stereo hearts feat adam levine,,,false,no_graph_title,vdj_only_identity,VDJ identity with no primary graph track — local filename-derived title,
RVTR452095,paul simon,vdj,Still Crazy A Feat Er All These Years,still crazy a feat er all these years,,,false,no_graph_title,vdj_only_identity,VDJ identity with no primary graph track — local filename-derived title,
RVTR354329,flo rida,vdj,Sugar Feat Wynter,sugar feat wynter,,,false,no_graph_title,vdj_only_identity,VDJ identity with no primary graph track — local filename-derived title,
RVTR943454,paul simon,vdj,Sunday A Feat Ernoon,sunday a feat ernoon,,,false,no_graph_title,vdj_only_identity,VDJ identity with no primary graph track — local filename-derived title,
RVTR742660,The Kinks,vdj,Sunny A Feat Ernoon,sunny a feat ernoon,,,false,no_graph_title,vdj_only_identity,VDJ identity with no primary graph track — local filename-derived title,
RVTR389392,dj snake,vdj,Taki Taki Feat Selena Gomez Ozuna Cardi B,taki taki feat selena gomez ozuna cardi b,,,false,no_graph_title,vdj_only_identity,VDJ identity with no primary graph track — local filename-derived title,
RVTR215177,jason derulo,vdj,Talk Dirty Feat 2 Chainz,talk dirty feat 2 chainz,,,false,no_graph_title,vdj_only_identity,VDJ identity with no primary graph track — local filename-derived title,
RVTR826118,Tyler Dean,vdj,Taylor Swi Feat,taylor swi feat,,,false,no_graph_title,vdj_only_identity,VDJ identity with no primary graph track — local filename-derived title,
RVTR711125,Tyler Dean,vdj,Taylor Swi Feat Pop Version,taylor swi feat pop version,,,false,no_graph_title,vdj_only_identity,VDJ identity with no primary graph track — local filename-derived title,
RVTR161777,will.i.am,vdj,Thatpower Feat Justin Bieber,thatpower feat justin bieber,,,false,no_graph_title,vdj_only_identity,VDJ identity with no primary graph track — local filename-derived title,
RVTR161924,sting,vdj,The Book Of My Life Feat Anoushka Shankar,the book of my life feat anoushka shankar,,,false,no_graph_title,vdj_only_identity,VDJ identity with no primary graph track — local filename-derived title,
RVTR782684,jack johnson,vdj,The Horizon Has Been De Feat Ed,the horizon has been de feat ed,,,false,no_graph_title,vdj_only_identity,VDJ identity with no primary graph track — local filename-derived title,
RVTR273613,jack johnson,vdj,The Horizon Has Been De Feat Ed Acoustic,the horizon has been de feat ed acoustic,,,false,no_graph_title,vdj_only_identity,VDJ identity with no primary graph track — local filename-derived title,
RVTR711638,jack johnson,vdj,The Horizon Has Been De Feat Ed Mother And Child Reunion,the horizon has been de feat ed mother and child reunion,,,false,no_graph_title,vdj_only_identity,VDJ identity with no primary graph track — local filename-derived title,
RVTR226892,young thug,vdj,The London Feat J Cole Travis Scott,the london feat j cole travis scott,,,false,no_graph_title,vdj_only_identity,VDJ identity with no primary graph track — local filename-derived title,
RVTR985378,maureen mcgovern,vdj,The Morning A Feat Er,the morning a feat er,,,false,no_graph_title,vdj_only_identity,VDJ identity with no primary graph track — local filename-derived title,
RVTR481913,josh groban,vdj,The Prayer Feat Uring Angie Stone,the prayer feat uring angie stone,,,false,no_graph_title,vdj_only_identity,VDJ identity with no primary graph track — local filename-derived title,
RVTR359072,Berri,vdj,The Sunshine A Feat Er The Rain,the sunshine a feat er the rain,,,false,no_graph_title,vdj_only_identity,VDJ identity with no primary graph track — local filename-derived title,
RVTR494048,donny osmond,vdj,The Twel Feat H Of Never,the twel feat h of never,,,false,no_graph_title,vdj_only_identity,VDJ identity with no primary graph track — local filename-derived title,
RVTR224301,isaac hayes,vdj,Theme From Sha Feat,theme from sha feat,,,false,no_graph_title,vdj_only_identity,VDJ identity with no primary graph track — local filename-derived title,
RVTR813668,rudimental,vdj,These Days Feat Jess Glynne Macklemore Dan Caplen,these days feat jess glynne macklemore dan caplen,,,false,no_graph_title,vdj_only_identity,VDJ identity with no primary graph track — local filename-derived title,
RVTR483543,nickelback,vdj,This A Feat Ernoon,this a feat ernoon,,,false,no_graph_title,vdj_only_identity,VDJ identity with no primary graph track — local filename-derived title,
RVTR735236,florida georgia line,vdj,This Is How We Roll Feat Luke Bryan,this is how we roll feat luke bryan,,,false,no_graph_title,vdj_only_identity,VDJ identity with no primary graph track — local filename-derived title,
RVTR871270,calvin harris,vdj,This Is What You Came For Feat Rihanna,this is what you came for feat rihanna,,,false,no_graph_title,vdj_only_identity,VDJ identity with no primary graph track — local filename-derived title,
RVTR981617,macklemore,vdj,Thri Feat Shop Clean,thri feat shop clean,,,false,no_graph_title,vdj_only_identity,VDJ identity with no primary graph track — local filename-derived title,
RVTR359437,Lsd,vdj,Thunderclouds Feat Sia Diplo Labrinth,thunderclouds feat sia diplo labrinth,,,false,no_graph_title,vdj_only_identity,VDJ identity with no primary graph track — local filename-derived title,
RVTR594010,Casey Veggies,vdj,Tied Up Feat Dej Loaf,tied up feat dej loaf,,,false,no_graph_title,vdj_only_identity,VDJ identity with no primary graph track — local filename-derived title,
RVTR180022,Novaspace,vdj,Time A Feat Er Time,time a feat er time,,,false,no_graph_title,vdj_only_identity,VDJ identity with no primary graph track — local filename-derived title,
RVTR770778,inoj,vdj,Time A Feat Er Time,time a feat er time,,,false,no_graph_title,vdj_only_identity,VDJ identity with no primary graph track — local filename-derived title,
RVTR063897,"Lauper, Cyndi",vdj,Time A Feat Er Time,time a feat er time,,,false,no_graph_title,vdj_only_identity,VDJ identity with no primary graph track — local filename-derived title,
RVTR421494,Quietdrive,vdj,Time A Feat Er Time,time a feat er time,,,false,no_graph_title,vdj_only_identity,VDJ identity with no primary graph track — local filename-derived title,
RVTR572710,cyndi lauper,vdj,Time A Feat Er Time,time a feat er time,,,false,no_graph_title,vdj_only_identity,VDJ identity with no primary graph track — local filename-derived title,
RVTR313892,cyndi lauper,vdj,Time A Feat Er Time Live,time a feat er time live,,,false,no_graph_title,vdj_only_identity,VDJ identity with no primary graph track — local filename-derived title,
RVTR566186,olly murs,vdj,Troublemaker Feat Flo Rida,troublemaker feat flo rida,,,false,no_graph_title,vdj_only_identity,VDJ identity with no primary graph track — local filename-derived title,
RVTR316743,Pink,vdj,Truelove Feat Lilly Allen,truelove feat lilly allen,,,false,no_graph_title,vdj_only_identity,VDJ identity with no primary graph track — local filename-derived title,
RVTR881101,moody blues,vdj,Tuesday A Feat Ernoon,tuesday a feat ernoon,,,false,no_graph_title,vdj_only_identity,VDJ identity with no primary graph track — local filename-derived title,
RVTR331047,The Moody Blues,vdj,Tuesday A Feat Ernoon,tuesday a feat ernoon,,,false,no_graph_title,vdj_only_identity,VDJ identity with no primary graph track — local filename-derived title,
RVTR924694,moody blues,vdj,Tuesday A Feat Ernoon 1970,tuesday a feat ernoon 1970,,,false,no_graph_title,vdj_only_identity,VDJ identity with no primary graph track — local filename-derived title,
RVTR243620,David Guetta & Nicki Minaj,vdj,Turn Me On Feat Nicki Minaj,turn me on feat nicki minaj,,,false,no_graph_title,vdj_only_identity,VDJ identity with no primary graph track — local filename-derived title,
RVTR497646,Pee Wee Hunt,vdj,Twel Feat H Street Rag,twel feat h street rag,,,false,no_graph_title,vdj_only_identity,VDJ identity with no primary graph track — local filename-derived title,
RVTR519252,e-40,vdj,U And Dat Feat T Pain Kandi Girl,u and dat feat t pain kandi girl,,,false,no_graph_title,vdj_only_identity,VDJ identity with no primary graph track — local filename-derived title,
RVTR563749,jadakiss,vdj,U Make Me Wanna Feat Mariah Carey,u make me wanna feat mariah carey,,,false,no_graph_title,vdj_only_identity,VDJ identity with no primary graph track — local filename-derived title,
RVTR422189,josh groban,vdj,Un Alma Mas Feat Uring Arturo Sandoval,un alma mas feat uring arturo sandoval,,,false,no_graph_title,vdj_only_identity,VDJ identity with no primary graph track — local filename-derived title,
RVTR140899,morgan wallen,vdj,Up Down Feat Florida Georgia Line,up down feat florida georgia line,,,false,no_graph_title,vdj_only_identity,VDJ identity with no primary graph track — local filename-derived title,
RVTR893035,lil' wayne,vdj,Uproar Feat Swizz Beatz,uproar feat swizz beatz,,,false,no_graph_title,vdj_only_identity,VDJ identity with no primary graph track — local filename-derived title,
RVTR984611,mark ronson,vdj,Valerie Feat Amy Winehouse,valerie feat amy winehouse,,,false,no_graph_title,vdj_only_identity,VDJ identity with no primary graph track — local filename-derived title,
RVTR382846,daddy yankee,vdj,Ven Conmigo Feat Prince Royce,ven conmigo feat prince royce,,,false,no_graph_title,vdj_only_identity,VDJ identity with no primary graph track — local filename-derived title,
RVTR563380,Creep,vdj,Vintage Postmodern Jukebox Radiohead Cover Feat Haley Reinhart,vintage postmodern jukebox radiohead cover feat haley reinhart,,,false,no_graph_title,vdj_only_identity,VDJ identity with no primary graph track — local filename-derived title,
RVTR388393,rudimental,vdj,Waiting All Night Feat Ella Eyre,waiting all night feat ella eyre,,,false,no_graph_title,vdj_only_identity,VDJ identity with no primary graph track — local filename-derived title,
RVTR460788,migos,vdj,Walk It Talk It Feat Drake,walk it talk it feat drake,,,false,no_graph_title,vdj_only_identity,VDJ identity with no primary graph track — local filename-derived title,
RVTR751021,patsy cline,vdj,Walkin' A Feat Er Midnight,walkin' a feat er midnight,,,false,no_graph_title,vdj_only_identity,VDJ identity with no primary graph track — local filename-derived title,
RVTR042196,the-dream,vdj,Walkin' On The Moon Feat Uring Kanye West,walkin' on the moon feat uring kanye west,,,false,no_graph_title,vdj_only_identity,VDJ identity with no primary graph track — local filename-derived title,
RVTR259726,foo fighters,vdj,Walking A Feat Er You,walking a feat er you,,,false,no_graph_title,vdj_only_identity,VDJ identity with no primary graph track — local filename-derived title,
RVTR483109,travis scott,vdj,Watch Feat Kanye West Lil Uzi,watch feat kanye west lil uzi,,,false,no_graph_title,vdj_only_identity,VDJ identity with no primary graph track — local filename-derived title,
RVTR128472,josh groban,vdj,Weeping Live Feat Uring Vusi Mahlasela Soweto Gospel Choir,weeping live feat uring vusi mahlasela soweto gospel choir,,,false,no_graph_title,vdj_only_identity,VDJ identity with no primary graph track — local filename-derived title,
RVTR067444,The Saturdays,vdj,What About Us Feat Sean Paul,what about us feat sean paul,,,false,no_graph_title,vdj_only_identity,VDJ identity with no primary graph track — local filename-derived title,
RVTR044252,maroon 5,vdj,What Lovers Do Feat Sza,what lovers do feat sza,,,false,no_graph_title,vdj_only_identity,VDJ identity with no primary graph track — local filename-derived title,
RVTR094258,nick lachey,vdj,What'S Le Feat Of Me,what's le feat of me,,,false,no_graph_title,vdj_only_identity,VDJ identity with no primary graph track — local filename-derived title,
RVTR364892,sting,vdj,Whenever I Say Your Name Feat Mary J Blige,whenever i say your name feat mary j blige,,,false,no_graph_title,vdj_only_identity,VDJ identity with no primary graph track — local filename-derived title,
RVTR231977,disclosure,vdj,White Noise Radio Edit Feat Alunageorge,white noise radio edit feat alunageorge,,,false,no_graph_title,vdj_only_identity,VDJ identity with no primary graph track — local filename-derived title,
RVTR628478,crystal gayle,vdj,Why Have You Le Feat The One You Le Feat Me For,why have you le feat the one you le feat me for,,,false,no_graph_title,vdj_only_identity,VDJ identity with no primary graph track — local filename-derived title,
RVTR796989,jason derulo,vdj,Wiggle Feat Snoop Dogg,wiggle feat snoop dogg,,,false,no_graph_title,vdj_only_identity,VDJ identity with no primary graph track — local filename-derived title,
RVTR767946,jessie j,vdj,Wild Feat Big Sean,wild feat big sean,,,false,no_graph_title,vdj_only_identity,VDJ identity with no primary graph track — local filename-derived title,
RVTR240330,flo rida,vdj,Wild Ones Feat Sia Official Video,wild ones feat sia official video,,,false,no_graph_title,vdj_only_identity,VDJ identity with no primary graph track — local filename-derived title,
RVTR933597,jack johnson,vdj,With My Own Two Hands Feat Ben Harper,with my own two hands feat ben harper,,,false,no_graph_title,vdj_only_identity,VDJ identity with no primary graph track — local filename-derived title,
RVTR403765,cher lloyd,vdj,With Ur Love Feat Mike Posner,with ur love feat mike posner,,,false,no_graph_title,vdj_only_identity,VDJ identity with no primary graph track — local filename-derived title,
RVTR387875,david guetta,vdj,Without You Feat Usher,without you feat usher,,,false,no_graph_title,vdj_only_identity,VDJ identity with no primary graph track — local filename-derived title,
RVTR245277,little mix,vdj,Woman Like Me Feat Nicki Minaj,woman like me feat nicki minaj,,,false,no_graph_title,vdj_only_identity,VDJ identity with no primary graph track — local filename-derived title,
RVTR692187,fifth harmony,vdj,Work From Home Feat Ty Dolla Ign,work from home feat ty dolla ign,,,false,no_graph_title,vdj_only_identity,VDJ identity with no primary graph track — local filename-derived title,
RVTR686145,m,vdj,Xxx 88 Feat Diplo,xxx 88 feat diplo,,,false,no_graph_title,vdj_only_identity,VDJ identity with no primary graph track — local filename-derived title,
RVTR881382,SAYGRACE,vdj,You Don'T Own Me Feat G Eazy,you don't own me feat g eazy,,,false,no_graph_title,vdj_only_identity,VDJ identity with no primary graph track — local filename-derived title,
RVTR968339,Peter Bjorn And John,vdj,Young Folks Feat Victoria Be,young folks feat victoria be,,,false,no_graph_title,vdj_only_identity,VDJ identity with no primary graph track — local filename-derived title,
RVTR806744,rita coolidge,vdj,Your Love Has Li Feat Ed Me Higher,your love has li feat ed me higher,,,false,no_graph_title,vdj_only_identity,VDJ identity with no primary graph track — local filename-derived title,