FilePath,Artist,Title,Year,RVTags
/Users/bobhopp/DJ MEDIA/VIDEO/1960's/Al Martino - Spanish Eyes.mp4,Al Martino,Spanish Eyes,1967,#SlowDance #CrowdFavorite
/Volumes/DJ  MAIN/DJ MEDIA/VIDEO/1960's/8-Al Martino - Spanish Eyes (1967).mp4,Al Martino,Spanish Eyes,1967,#SlowDance #CrowdFavorite #TVFavorite
/Users/bobhopp/DJ MEDIA/VIDEO/1960's/Alan Price Set - Simon Smith & His Amazing Dancing Bear.mp4,Alan Price Set,Simon Smith & His Amazing Dancing Bear,1967,#BritishInvasion #Novelty #DeepCut
/Users/bobhopp/DJ MEDIA/VIDEO/1960's/Aretha Franklin - Natural Woman (You Make Me Feel Like A).mp4,Aretha Franklin,(You Make Me Feel Like A) Natural Woman,1967,#Soul #CrowdFavorite #SingAlong #SlowDance
/Users/bobhopp/DJ MEDIA/VIDEO/1960's/Arlo Guthrie - Alice s Restaurant (Live at Farm Aid 2005).mp4,Arlo Guthrie,Alice s Restaurant  (Live at Farm Aid 2005),1967,#DeepCut #TVFavorite
/Users/bobhopp/DJ MEDIA/VIDEO/1960's/Alice's Restaurant Massacre Illustrated.mp4,Arlo Guthrie,Alice's Restaurant,1967,#DeepCut #Novelty
/Users/bobhopp/DJ MEDIA/VIDEO/1960's/Arlo Guthrie - Motorcycle Song.mp4,Arlo Guthrie,Motorcycle Song,1967,#DeepCut #SummerOfLove
/Users/bobhopp/DJ MEDIA/VIDEO/1960's/Bee Gees - To Love Somebody.mp4,Bee Gees,To Love Somebody,1967,#CrowdFavorite #SlowDance #SingAlong
/Users/bobhopp/DJ MEDIA/VIDEO/1960's/Bee Gees - To Love Somebody (BW).mp4,Bee Gees,To Love Somebody (BW),1967,#CrowdFavorite #SlowDance #SingAlong #TVFavorite
/Users/bobhopp/DJ MEDIA/VIDEO/1960's/Bobbie Gentry - Niki Hoeky.mp4,Bobbie Gentry,Niki Hoeky,1967,#DeepCut #SingAlong
/Users/bobhopp/DJ MEDIA/VIDEO/1960's/Bobbie Gentry - Ode To Billie Joe.mp4,Bobbie Gentry,Ode To Billie Joe,1967,#CrowdFavorite #SingAlong #SlowDance
/Users/bobhopp/DJ MEDIA/VIDEO/1960's/Box Tops - The Letter.MP4,Box Tops,The Letter,1967,#GarageRock #CrowdFavorite #OneHitWonder #PartyStarter
/Users/bobhopp/DJ MEDIA/VIDEO/1960's/Brenton Wood - The Oogum Boogum Song.mp4,Brenton Wood,The Oogum Boogum Song,1967,#Novelty #DanceFloor #CrowdFavorite
/Users/bobhopp/DJ MEDIA/VIDEO/1960's/Brian Hyland - The Joker Went Wild.mp4,Brian Hyland,The Joker Went Wild,1967,#Novelty #OneHitWonder
/Users/bobhopp/DJ MEDIA/VIDEO/1960's/Buffallo Springfield - For What It's Worth (Extended).mp4,Buffallo Springfield,For What It's Worth (Extended),1967,#Psychedelic #SummerOfLove #CrowdFavorite #TVFavorite
/Users/bobhopp/DJ MEDIA/VIDEO/1960's/Buffalo Springfield - For What It's Worth (TV).mp4,Buffalo Springfield,For What It's Worth (TV),1967,#Psychedelic #SummerOfLove #CrowdFavorite #TVFavorite
/Users/bobhopp/DJ MEDIA/VIDEO/1960's/Cream - I feel free.mp4,Cream,I feel free,1967,#BritishInvasion #Psychedelic #PartyStarter
/Users/bobhopp/DJ MEDIA/VIDEO/1960's/Cream - Strange Brew.mp4,Cream,Strange Brew,1967,#BritishInvasion #Psychedelic #DeepCut
"/Users/bobhopp/DJ MEDIA/VIDEO/1960's/Dave Dee, Dozy, Beaky, Mick & Tich - Bend It.mp4","Dave Dee, Dozy, Beaky, Mick & Tich",Bend It,1967,#BritishInvasion #Novelty #DanceFloor
/Users/bobhopp/DJ MEDIA/VIDEO/1960's/Donovan - Mellow Yellow.mp4,Donovan,Mellow Yellow,1967,#Psychedelic #SummerOfLove #CrowdFavorite
/Users/bobhopp/DJ MEDIA/VIDEO/1960's/Donovan - Season Of The Witch .mp4,Donovan,Season Of The Witch,1967,#Psychedelic #DeepCut
/Users/bobhopp/DJ MEDIA/VIDEO/1960's/Eric Burdon & The Animals - When I Was Young.mp4,Eric Burdon & The Animals,When I Was Young,1967,#BritishInvasion #Psychedelic #DeepCut
/Users/bobhopp/DJ MEDIA/VIDEO/1960's/Etta James - Tell Mama.mp4,Etta James,Tell Mama,1967,#Soul #DanceFloor #CrowdFavorite
/Users/bobhopp/DJ MEDIA/VIDEO/1960's/Every Mother's Son - Come On Down To My Boat.mp4,Every Mother's Son,Come On Down To My Boat,1967,#OneHitWonder #CrowdFavorite #SingAlong
/Users/bobhopp/DJ MEDIA/VIDEO/1960's/Frank And Nancy Sinatra - Something Stupid.mp4,Frank And Nancy Sinatra,Something Stupid,1967,#CrowdFavorite #SlowDance #SingAlong #TVFavorite
/Users/bobhopp/DJ MEDIA/VIDEO/1960's/Frankie Valli - Can't Take My Eyes Off You.mp4,Frankie Valli,Can't Take My Eyes Off You,1967,#CrowdFavorite #SingAlong #PartyStarter
/Users/bobhopp/DJ MEDIA/VIDEO/1960's/Georgie Fame - The Ballad Of Bonnie & Clyde.mp4,Georgie Fame,The Ballad Of Bonnie & Clyde,1967,#BritishInvasion #Novelty #CrowdFavorite
/Users/bobhopp/DJ MEDIA/VIDEO/1960's/Grass Roots - Let's Live For Today.mp4,Grass Roots,Let's Live For Today,1967,#Psychedelic #SummerOfLove #CrowdFavorite #SingAlong
/Users/bobhopp/DJ MEDIA/VIDEO/1960's/Hank Williams Jr. - Born To Boogie.mp4,Hank Williams Jr.,Born To Boogie,1967,#DeepCut #Novelty
/Users/bobhopp/DJ MEDIA/VIDEO/1960's/Herman's Hermits - Listen People.mp4,Herman's Hermits,Listen People,1967,#BritishInvasion #CrowdFavorite #SingAlong
/Users/bobhopp/DJ MEDIA/VIDEO/1960's/Herman's Hermits - There's A Kind Of Hush.mp4,Herman's Hermits,There's A Kind Of Hush,1967,#BritishInvasion #SlowDance #SingAlong
/Users/bobhopp/DJ MEDIA/VIDEO/1960's/Jackie Wilson - Higher & Higher.mp4,Jackie Wilson,Higher & Higher,1967,#Soul #DanceFloor #PartyStarter #CrowdFavorite
/Users/bobhopp/DJ MEDIA/VIDEO/1960's/James Brown - It's a Man's World (Live).mp4,James Brown,It's a Man's World (Live),1967,#Soul #SlowDance #CrowdFavorite #TVFavorite
/Users/bobhopp/DJ MEDIA/VIDEO/1960's/Jefferson Airplane - Martha.mp4,Jefferson Airplane,Martha,1967,#Psychedelic #SummerOfLove #DeepCut
/Users/bobhopp/DJ MEDIA/VIDEO/1960's/Jefferson Airplane - White Rabbit.mp4,Jefferson Airplane,White Rabbit,1967,#Psychedelic #SummerOfLove #CrowdFavorite
/Users/bobhopp/DJ MEDIA/VIDEO/1960's/Jimi Hendrix - Hear My Train Comin' (Acoustic).mp4,Jimi Hendrix,Hear My Train Comin' (Acoustic),1967,#Psychedelic #DeepCut
/Users/bobhopp/DJ MEDIA/VIDEO/1960's/Jimi Hendrix - Purple Haze (1967).mp4,Jimi Hendrix,Purple Haze (1967),1967,#Psychedelic #CrowdFavorite #PartyStarter
/Users/bobhopp/DJ MEDIA/VIDEO/1960's/Jimi Hendrix - The Wind Cries Mary.mp4,Jimi Hendrix,The Wind Cries Mary,1967,#Psychedelic #SlowDance #DeepCut
/Users/bobhopp/DJ MEDIA/VIDEO/1960's/Jimi Hendrix Experience - Purple Haze.mp4,Jimi Hendrix Experience,Purple Haze,1967,#Psychedelic #CrowdFavorite #PartyStarter
/Users/bobhopp/DJ MEDIA/VIDEO/1960's/John Fred & His Playboy Band - Judy In Disguise.mp4,John Fred & His Playboy Band,Judy In Disguise,1967,#Novelty #OneHitWonder #PartyStarter
/Users/bobhopp/DJ MEDIA/VIDEO/1960's/John Fred And His Playboy Band - Judy In Disguise.mp4,John Fred And His Playboy Band,Judy In Disguise,1967,#Novelty #OneHitWonder #PartyStarter
/Users/bobhopp/DJ MEDIA/VIDEO/1960's/John Lennon - Come Together.mp4,John Lennon,Come Together,1967,#BritishInvasion #Psychedelic #DeepCut
"/Users/bobhopp/DJ MEDIA/VIDEO/1960's/Johnny Rivers - Baby, I Need Your Lovin'.mp4",Johnny Rivers,"Baby, I Need Your Lovin'",1967,#Soul #CrowdFavorite #DanceFloor
/Users/bobhopp/DJ MEDIA/VIDEO/1960's/Johnny Rivers - Summer Rain.mp4,Johnny Rivers,Summer Rain,1967,#CrowdFavorite #SlowDance #SummerOfLove
/Users/bobhopp/DJ MEDIA/VIDEO/1960's/Kenny Rankin - Oh So Peaceful Here.mp4,Kenny Rankin,Oh So Peaceful Here,1967,#DeepCut #SingAlong #SlowDance
/Users/bobhopp/DJ MEDIA/VIDEO/1960's/Kenny Rogers & The First Edition - Just Dropped In.mp4,Kenny Rogers & The First Edition,Just Dropped In,1967,#Psychedelic #OneHitWonder #CrowdFavorite
/Users/bobhopp/DJ MEDIA/VIDEO/1960's/King Curtis - Memphis Soul Stew.mp4,King Curtis,Memphis Soul Stew,1967,#Soul #DanceFloor #DeepCut
"/Users/bobhopp/DJ MEDIA/VIDEO/1960's/Leonard Cohen - So Long, Marianne.mp4",Leonard Cohen,"So Long, Marianne",1967,#DeepCut #SlowDance
/Users/bobhopp/DJ MEDIA/VIDEO/1960's/Los Bravos - Black Is Black.mp4,Los Bravos,Black Is Black,1967,#OneHitWonder #DanceFloor #CrowdFavorite
/Users/bobhopp/DJ MEDIA/VIDEO/1960's/Louis Armstrong - What A Wonderful World.mp4,Louis Armstrong,What A Wonderful World .,1967,#CrowdFavorite #SingAlong #SlowDance
/Volumes/DJ  MAIN/DJ MEDIA/VIDEO/1960's/5-Lulu - Loves Loves To Love Love - Top Of The Pops (1967).mp4,Lulu,Loves Loves To Love Love,1967,#BritishInvasion #CrowdFavorite #TVFavorite #SingAlong
/Users/bobhopp/DJ MEDIA/VIDEO/1960's/Lulu - Loves Loves To Love Love.mp4,Lulu,Loves Loves To Love Love,1967,#BritishInvasion #CrowdFavorite #SingAlong
/Users/bobhopp/DJ MEDIA/VIDEO/1960's/Manfred Mann - Mighty Quinn.mp4,Manfred Mann,Mighty Quinn,1967,#BritishInvasion #CrowdFavorite #SingAlong
/Users/bobhopp/DJ MEDIA/VIDEO/1960's/Monkees - I'm A Believer.mp4,Monkees,I'm A Believer,1967,#CrowdFavorite #SingAlong #PartyStarter
/Users/bobhopp/DJ MEDIA/VIDEO/1960's/Moody Blues - Nights in White Satin.mp4,Moody Blues,Nights in White Satin,1967,#BritishInvasion #SlowDance #SingAlong #CrowdFavorite
/Users/bobhopp/DJ MEDIA/VIDEO/1960's/Nancy Sinatra - Some Velvet Morning.mp4,Nancy Sinatra,Some Velvet Morning,1967,#Psychedelic #DeepCut #SlowDance
/Users/bobhopp/DJ MEDIA/VIDEO/1960's/Nancy Sinatra - Sugar Town.mp4,Nancy Sinatra,Sugar Town,1967,#CrowdFavorite #SingAlong
/Users/bobhopp/DJ MEDIA/VIDEO/1960's/Nancy Sinatra - These Boots Are Made For Walking.mp4,Nancy Sinatra,These Boots Are Made For Walking,1967,#CrowdFavorite #PartyStarter #DanceFloor
/Users/bobhopp/DJ MEDIA/VIDEO/1960's/Nancy Sinatra & Lee Hazlewood - Summer Wine.mp4,Nancy Sinatra & Lee Hazlewood,Summer Wine,1967,#SlowDance #SingAlong #CrowdFavorite
/Users/bobhopp/DJ MEDIA/VIDEO/1960's/Nancy Wilson - For Once in My Life.mp4,Nancy Wilson,For Once in My Life,1967,#Soul #SlowDance #CrowdFavorite
/Users/bobhopp/DJ MEDIA/VIDEO/1960's/Neil Diamond - You Got To Me (American Bandstand).mp4,Neil Diamond,You Got To Me (American Bandstand),1967,#CrowdFavorite #TVFavorite #SingAlong
/Users/bobhopp/DJ MEDIA/VIDEO/1960's/Osborne Brothers - Rocky Top (1967).mp4,Osborne Brothers,Rocky Top (1967),1967,#DeepCut #PartyStarter
/Users/bobhopp/DJ MEDIA/VIDEO/1960's/Otis Redding - I've Been Loving You Too Long.mp4,Otis Redding,I've Been Loving You Too Long,1967,#Soul #SlowDance #CrowdFavorite
/Users/bobhopp/DJ MEDIA/VIDEO/1960's/Percy Sledge - When A Man Loves A Woman.mp4,Percy Sledge,When A Man Loves A Woman,1967,#Soul #SlowDance #CrowdFavorite #SingAlong
/Users/bobhopp/DJ MEDIA/VIDEO/1960's/Peter And Gordon - Lady Godiva.mp4,Peter And Gordon,Lady Godiva,1967,#BritishInvasion #Novelty #OneHitWonder
/Users/bobhopp/DJ MEDIA/VIDEO/1960's/Pink Floyd - See Emily Play.mp4,Pink Floyd,See Emily Play,1967,#BritishInvasion #Psychedelic #CrowdFavorite
/Users/bobhopp/DJ MEDIA/VIDEO/1960's/Procol Harum - A Whiter Shade Of Pale.mp4,Procol Harum,A Whiter Shade Of Pale,1967,#BritishInvasion #Psychedelic #CrowdFavorite #SlowDance
/Users/bobhopp/DJ MEDIA/VIDEO/1960's/Question Mark & The Mysterians - 96 Tears.mp4,Question Mark & The Mysterians,96 Tears,1967,#GarageRock #OneHitWonder #PartyStarter
/Users/bobhopp/DJ MEDIA/VIDEO/1960's/Sam & Dave - Soul Man.mp4,Sam & Dave,Soul Man,1967,#Soul #DanceFloor #PartyStarter #CrowdFavorite #SingAlong
/Users/bobhopp/DJ MEDIA/VIDEO/1960's/Scott McKenzie - San Francisco.mp4,Scott McKenzie,San Francisco,1967,#SummerOfLove #CrowdFavorite #SingAlong
/Users/bobhopp/DJ MEDIA/VIDEO/1960's/Small Faces - Itchycoo Park.mp4,Small Faces,Itchycoo Park,1967,#BritishInvasion #Psychedelic #CrowdFavorite
/Users/bobhopp/DJ MEDIA/VIDEO/1960's/Smokey Robinson & The Miracles - Tears Of A Clown.mp4,Smokey Robinson & The Miracles,Tears Of A Clown,1967,#Motown #CrowdFavorite #SingAlong
/Users/bobhopp/DJ MEDIA/VIDEO/1960's/Strawberry Alarm Clock - Incense And Peppermints.mp4,Strawberry Alarm Clock,Incense And Peppermints,1967,#Psychedelic #SummerOfLove #CrowdFavorite
/Users/bobhopp/DJ MEDIA/VIDEO/1960's/Tammy Wynette - Your Good Girls Gonna Go Bad.mp4,Tammy Wynette,Your Good Girls Gonna Go Bad,1967,#DeepCut
/Users/bobhopp/DJ MEDIA/VIDEO/1960's/Temptations - I Wish It Would Rain.mp4,Temptations,I Wish It Would Rain,1967,#Motown #Soul #SlowDance
"/Users/bobhopp/DJ MEDIA/VIDEO/1960's/The 5th Dimension - Up, Up and Away.mp4",The 5th Dimension,"Up, Up and Away",1967,#CrowdFavorite #SingAlong
/Users/bobhopp/DJ MEDIA/VIDEO/1960's/The Animals - CC Rider.mp4,The Animals,CC Rider,1967,#BritishInvasion #DeepCut
/Users/bobhopp/DJ MEDIA/VIDEO/1960's/The Animals - San Franciscan Nights.mp4,The Animals,San Franciscan Nights,1967,#BritishInvasion #SummerOfLove #Psychedelic
/Users/bobhopp/DJ MEDIA/VIDEO/1960's/The Animals - The Story of Bo Diddley.mp4,The Animals,The Story of Bo Diddley,1967,#BritishInvasion #DeepCut #TVFavorite
/Users/bobhopp/DJ MEDIA/VIDEO/1960's/The Animals - Tobacco Road.mp4,The Animals,Tobacco Road,1967,#BritishInvasion #DeepCut
/Users/bobhopp/DJ MEDIA/VIDEO/1960's/The Association - Never My Love.mp4,The Association,Never My Love,1967,#CrowdFavorite #SingAlong #SlowDance
/Users/bobhopp/DJ MEDIA/VIDEO/1960's/The Beach Boys - Darlin'.mp4,The Beach Boys,Darlin',1967,#CrowdFavorite #SingAlong
/Users/bobhopp/DJ MEDIA/VIDEO/1960's/The Beatles - All You Need Is Love.mp4,The Beatles,All You Need Is Love,1967,#BritishInvasion #SummerOfLove #CrowdFavorite #SingAlong
"/Users/bobhopp/DJ MEDIA/VIDEO/1960's/The Beatles - Hello, Goodbye.mp4",The Beatles,"Hello, Goodbye",1967,#BritishInvasion #CrowdFavorite #SingAlong #PartyStarter
/Users/bobhopp/DJ MEDIA/VIDEO/1960's/The Beatles - I Am The Walrus.mp4,The Beatles,I Am The Walrus,1967,#BritishInvasion #Psychedelic #DeepCut
/Users/bobhopp/DJ MEDIA/VIDEO/1960's/The Beatles - Lucy In The Sky With Diamonds.mp4,The Beatles,Lucy In The Sky With Diamonds,1967,#BritishInvasion #Psychedelic #SummerOfLove
/Users/bobhopp/DJ MEDIA/VIDEO/1960's/The Beatles - Penny Lane.mp4,The Beatles,Penny Lane,1967,#BritishInvasion #CrowdFavorite #SingAlong
/Users/bobhopp/DJ MEDIA/VIDEO/1960's/The Beatles - Strawberry Fields Forever.mp4,The Beatles,Strawberry Fields Forever,1967,#BritishInvasion #Psychedelic #SummerOfLove #CrowdFavorite
/Users/bobhopp/DJ MEDIA/VIDEO/1960's/The Beatles - Your Mother Should Know.mp4,The Beatles,Your Mother Should Know,1967,#BritishInvasion #SingAlong #DeepCut
/Users/bobhopp/DJ MEDIA/VIDEO/1960's/The Box Tops - The Letter.mp4,Unknown artist,The Box Tops - The Letter.mp4,1967,#GarageRock #CrowdFavorite #OneHitWonder #PartyStarter
/Users/bobhopp/DJ MEDIA/VIDEO/1960's/The Buckinghams - Kind Of A Drag.mp4,The Buckinghams,Kind Of A Drag,1967,#CrowdFavorite #PartyStarter #SingAlong
/Users/bobhopp/DJ MEDIA/VIDEO/1960's/The Cowsils - The Rain The Park And Other Things (B&W).mp4,The Cowsils,The Rain The Park And Other Things (B&W),1967,#CrowdFavorite #SingAlong #TVFavorite
/Users/bobhopp/DJ MEDIA/VIDEO/1960's/The Dave Clark Five - You Got What It Takes.mp4,The Dave Clark Five,You Got What It Takes,1967,#BritishInvasion #CrowdFavorite #DanceFloor
/Users/bobhopp/DJ MEDIA/VIDEO/1960's/The Doors - Light My Fire.mp4,The Doors,Light My Fire,1967,#Psychedelic #SummerOfLove #CrowdFavorite #PartyStarter
/Users/bobhopp/DJ MEDIA/VIDEO/1960's/The First Edition - Just Dropped In (To See What Condition My Condition Was In).mp4,The First Edition,Just Dropped In (To See What Condition My Condition Was In),1967,#Psychedelic #OneHitWonder #CrowdFavorite
/Users/bobhopp/DJ MEDIA/VIDEO/1960's/The Five Americans - Western Union.mp4,The Five Americans,Western Union,1967,#OneHitWonder #CrowdFavorite
"/Users/bobhopp/DJ MEDIA/VIDEO/1960's/The Foundations - Baby, Now That I ve Found You.mp4",The Foundations,"Baby, Now That I ve Found You",1967,#Soul #CrowdFavorite #SingAlong #DanceFloor
/Users/bobhopp/DJ MEDIA/VIDEO/1960's/The Gentrys - Keep on Dancing.mp4,The Gentrys,Keep on Dancing,1967,#GarageRock #DanceFloor #PartyStarter
/Users/bobhopp/DJ MEDIA/VIDEO/1960's/The Hollies - Carrie Anne.mp4,The Hollies,Carrie Anne,1967,#BritishInvasion #CrowdFavorite #SingAlong
/Users/bobhopp/DJ MEDIA/VIDEO/1960's/The Hombres - Let It All Hang Out.mp4,The Hombres,Let It All Hang Out,1967,#Novelty #OneHitWonder
/Users/bobhopp/DJ MEDIA/VIDEO/1960's/The Left Banke - Walk Away Renee.mp4,The Left Banke,Walk Away Renee,1967,#CrowdFavorite #SlowDance
/Users/bobhopp/DJ MEDIA/VIDEO/1960's/The Mamas and The Papas - Creque Alley.mp4,The Mamas and The Papas,Creque Alley,1967,#SummerOfLove #CrowdFavorite #DeepCut
/Users/bobhopp/DJ MEDIA/VIDEO/1960's/The Mamas and The Papas - Dedicated To The One I Love.mp4,The Mamas and The Papas,Dedicated To The One I Love,1967,#SummerOfLove #CrowdFavorite #SingAlong #SlowDance
/Users/bobhopp/DJ MEDIA/VIDEO/1960's/The Mamas and The Papas - Straight Shooter.mp4,The Mamas and The Papas,Straight Shooter,1967,#SummerOfLove #DeepCut
/Users/bobhopp/DJ MEDIA/VIDEO/1960's/The Mills Brothers - Cab Driver.mp4,The Mills Brothers,Cab Driver,1967,#DeepCut #SlowDance
/Users/bobhopp/DJ MEDIA/VIDEO/1960's/The Monkees - I'm A Believer.mp4,The Monkees,I'm A Believer,1967,#CrowdFavorite #SingAlong #PartyStarter #TVFavorite
/Users/bobhopp/DJ MEDIA/VIDEO/1960's/The Moody Blues - Tuesday Afternoon.mp4,The Moody Blues,Tuesday Afternoon,1967,#BritishInvasion #Psychedelic #SlowDance
/Users/bobhopp/DJ MEDIA/VIDEO/1960's/The Music Explosion - Little Bit O Soul.mp4,The Music Explosion,Little Bit O Soul,1967,#GarageRock #OneHitWonder #PartyStarter
/Users/bobhopp/DJ MEDIA/VIDEO/1960's/The Rolling Stones - Let's Spend The Night Together.mp4,The Rolling Stones,Let's Spend The Night Together,1967,#BritishInvasion #PartyStarter #CrowdFavorite
/Users/bobhopp/DJ MEDIA/VIDEO/1960's/The Rolling Stones - Ruby Tuesday.mp4,The Rolling Stones,Ruby Tuesday,1967,#BritishInvasion #SlowDance #CrowdFavorite
/Users/bobhopp/DJ MEDIA/VIDEO/1960's/The Rolling Stones - She's A Rainbow.mp4,The Rolling Stones,She's A Rainbow,1967,#BritishInvasion #Psychedelic #CrowdFavorite
/Users/bobhopp/DJ MEDIA/VIDEO/1960's/The Temptations - I Wish It Would Rain.mp4,The Temptations,I Wish It Would Rain,1967,#Motown #Soul #SlowDance
/Users/bobhopp/DJ MEDIA/VIDEO/1960's/The Tremeloes - Silence Is Golden.mp4,The Tremeloes,Silence Is Golden,1967,#BritishInvasion #SlowDance #SingAlong #CrowdFavorite
/Users/bobhopp/DJ MEDIA/VIDEO/1960's/The Troggs - Love Is All Around.mp4,The Troggs,Love Is All Around,1967,#BritishInvasion #GarageRock #CrowdFavorite #SingAlong
/Users/bobhopp/DJ MEDIA/VIDEO/1960's/The Turtles - Happy Together.mp4,The Turtles,Happy Together,1967,#CrowdFavorite #SingAlong #PartyStarter
/Users/bobhopp/DJ MEDIA/VIDEO/1960's/The Velvet Underground - Heroin.mp4,The Velvet Underground,Heroin,1967,#Psychedelic #DeepCut
/Users/bobhopp/DJ MEDIA/VIDEO/1960's/The Velvet Underground - I'm Waiting For The Man.mp4,The Velvet Underground,I'm Waiting For The Man,1967,#Psychedelic #DeepCut
/Users/bobhopp/DJ MEDIA/VIDEO/1960's/The Velvet Underground - Venus In Furs.mp4,The Velvet Underground,Venus In Furs,1967,#Psychedelic #DeepCut
/Users/bobhopp/DJ MEDIA/VIDEO/1960's/The Yardbirds - I'm A Man.mp4,The Yardbirds,I'm A Man,1967,#BritishInvasion #GarageRock #PartyStarter
/Users/bobhopp/DJ MEDIA/VIDEO/1960's/The Youngbloods - Get Together.mp4,The Youngbloods,Get Together,1967,#SummerOfLove #CrowdFavorite #SingAlong
/Users/bobhopp/DJ MEDIA/VIDEO/1960's/The Youngbloods - Get Together .mp4,The Youngbloods,Get Together,1967,#SummerOfLove #CrowdFavorite #SingAlong
/Users/bobhopp/DJ MEDIA/VIDEO/1960's/Them - Baby Please Don t Go.mp4,Them,Baby Please Don t Go,1967,#BritishInvasion #GarageRock #DeepCut
/Users/bobhopp/DJ MEDIA/VIDEO/1960's/Tommy Boyce & Bobby Hart - I Wonder What She's Doing Tonight.mp4,Tommy Boyce & Bobby Hart,I Wonder What She's Doing Tonight,1967,#CrowdFavorite #DeepCut
/Users/bobhopp/DJ MEDIA/VIDEO/1960's/Van Morrison - Brown Eyed Girl.mp4,Van Morrison,Brown Eyed Girl,1967,#CrowdFavorite #SingAlong #PartyStarter #DanceFloor
/Users/bobhopp/DJ MEDIA/VIDEO/1960's/Vanilla Fudge - Keep Me Hangin  On.mp4,Vanilla Fudge,Keep Me Hangin  On,1967,#Psychedelic #SlowDance #CrowdFavorite
/Users/bobhopp/DJ MEDIA/VIDEO/1960's/Young Rascals - How Can I Be Sure.mp4,Young Rascals,How Can I Be Sure,1967,#Soul #SlowDance #CrowdFavorite
/Users/bobhopp/DJ MEDIA/VIDEO/1960's/Lulu - To Sir With Love (BW).mp4,Lulu,To Sir With Love  (BW),1967,#BritishInvasion #CrowdFavorite #SlowDance #SingAlong #TVFavorite
/Users/bobhopp/DJ MEDIA/VIDEO/1960's/Lulu - To Sir With Love (Color).mp4,Lulu,To Sir With Love  (Color),1967,#BritishInvasion #CrowdFavorite #SlowDance #SingAlong #TVFavorite
/Users/bobhopp/DJ MEDIA/VIDEO/1960's/The Tremeloes - Here Comes My Baby (BW).mp4,The Tremeloes,Here Comes My Baby  (BW),1967,#BritishInvasion #CrowdFavorite #TVFavorite
/Users/bobhopp/DJ MEDIA/VIDEO/1960's/The Tremeloes - Here Comes My Baby (Color).mp4,The Tremeloes,Here Comes My Baby  (Color),1967,#BritishInvasion #CrowdFavorite #TVFavorite
