rvtr,title,artist,artists,albums,release_year,chart_rows,representative_week,duplicate_identity_count,status,priority,issues
"RVTR000175","Liar Liar","The Castaways","","","","14","1965-08-14","1","INCOMPLETE","100","missing_or_multiple_artist;missing_album;missing_release_year"
"RVTR000191","Cotton Candy","lil wayne","","","","1","2025-06-21","1","INCOMPLETE","100","missing_or_multiple_artist;missing_album;missing_release_year"
"RVTR000231","Pop Ur Sht","21 savage, young thug","","","","2","2024-01-27","1","INCOMPLETE","100","missing_or_multiple_artist;missing_album;missing_release_year"
"RVTR000260","The Boxer","simon","","","","10","1969-04-12","1","INCOMPLETE","100","missing_or_multiple_artist;missing_album;missing_release_year"
"RVTR000290","Style Taylor'S Version","taylor swift","","","","4","2023-11-11","1","INCOMPLETE","100","missing_or_multiple_artist;missing_album;missing_release_year"
"RVTR000294","Laugh At Me","sonny","","","","10","1965-08-21","1","INCOMPLETE","100","missing_or_multiple_artist;missing_album;missing_release_year"
"RVTR000326","Dicked Down In Dallas","trey lewis","","","","2","2020-12-12","1","INCOMPLETE","100","missing_or_multiple_artist;missing_album;missing_release_year"
"RVTR000344","I Need Your Loving","don gardner and dee dee ford","","","","13","1962-06-02","1","INCOMPLETE","100","missing_or_multiple_artist;missing_album;missing_release_year"
"RVTR000404","Tip Toe Thru' The Tulips With Me","tiny tim","","","","9","1968-05-18","1","INCOMPLETE","100","missing_or_multiple_artist;missing_album;missing_release_year"
"RVTR000457","Now That You'Ve Gone","connie stevens","","","","7","1965-04-24","1","INCOMPLETE","100","missing_or_multiple_artist;missing_album;missing_release_year"
"RVTR000538","Death By A Thousand Cuts","taylor swift","","","","1","2019-09-07","1","INCOMPLETE","100","missing_or_multiple_artist;missing_album;missing_release_year"
"RVTR000579","Dancing In Paradise","el coco","","","","6","1978-10-28","1","INCOMPLETE","100","missing_or_multiple_artist;missing_album;missing_release_year"
"RVTR000605","Nosedive","post malone","","","","2","2024-08-31","1","INCOMPLETE","100","missing_or_multiple_artist;missing_album;missing_release_year"
"RVTR000629","Right String But The Wrong Yo Yo","dr. feelgood and the interns","","","","3","1962-08-04","1","INCOMPLETE","100","missing_or_multiple_artist;missing_album;missing_release_year"
"RVTR000640","Expression","salt-n-pepa","","","","21","1990-03-10","1","INCOMPLETE","100","missing_or_multiple_artist;missing_album;missing_release_year"
"RVTR000667","But I Do","bobby vinton","","","","6","1972-12-30","1","INCOMPLETE","100","missing_or_multiple_artist;missing_album;missing_release_year"
"RVTR000736","Sue'S Gotta Be Mine","del shannon","","","","7","1963-11-02","1","INCOMPLETE","100","missing_or_multiple_artist;missing_album;missing_release_year"
"RVTR000738","Baby Talk","alisha","","","","17","1985-12-21","1","INCOMPLETE","100","missing_or_multiple_artist;missing_album;missing_release_year"
"RVTR000815","Mill Valley","miss abrams and the strawberry point school third grade class","","","","3","1970-08-01","1","INCOMPLETE","100","missing_or_multiple_artist;missing_album;missing_release_year"
"RVTR000905","Lovers By Night Strangers By Day","The Fleetwoods","","","","10","1962-10-13","1","INCOMPLETE","100","missing_or_multiple_artist;missing_album;missing_release_year"
"RVTR000922","The Mocking Bird","The Four Lads","","","","10","1958-11-03","1","INCOMPLETE","100","missing_or_multiple_artist;missing_album;missing_release_year"
"RVTR000968","I Know What You Want","busta rhymes","","","","24","2003-03-08","1","INCOMPLETE","100","missing_or_multiple_artist;missing_album;missing_release_year"
"RVTR001016","King Kong Pt I","The Jimmy Castor Bunch","","","","7","1975-10-18","1","INCOMPLETE","100","missing_or_multiple_artist;missing_album;missing_release_year"
"RVTR001069","Nightmare","halsey","","","","11","2019-06-01","1","INCOMPLETE","100","missing_or_multiple_artist;missing_album;missing_release_year"
"RVTR001104","I'Ll Be Your Everything","youngstown","","","","10","1999-08-14","1","INCOMPLETE","100","missing_or_multiple_artist;missing_album;missing_release_year"
"RVTR001148","Fin De Semana","junior h x oscar maydon","","","","2","2023-02-11","1","INCOMPLETE","100","missing_or_multiple_artist;missing_album;missing_release_year"
"RVTR001162","Rib Tip'S Part 1","andre williams","","","","1","1966-01-29","1","INCOMPLETE","100","missing_or_multiple_artist;missing_album;missing_release_year"
"RVTR001183","Survivor I Will Survive","glee cast","","","","1","2011-12-24","1","INCOMPLETE","100","missing_or_multiple_artist;missing_album;missing_release_year"
"RVTR001417","Remember You","wiz khalifa","","","","16","2012-12-08","1","INCOMPLETE","100","missing_or_multiple_artist;missing_album;missing_release_year"
"RVTR001567","Summer Nights","glee cast","","","","1","2012-02-04","1","INCOMPLETE","100","missing_or_multiple_artist;missing_album;missing_release_year"
"RVTR001650","Wild Wild West","The Escape Club","","","","27","1988-08-20","1","INCOMPLETE","100","missing_or_multiple_artist;missing_album;missing_release_year"
"RVTR001756","Not A Bad Thing","justin timberlake","","","","22","2014-03-15","1","INCOMPLETE","100","missing_or_multiple_artist;missing_album;missing_release_year"
"RVTR001759","Like I Want You","giveon","","","","4","2021-02-27","1","INCOMPLETE","100","missing_or_multiple_artist;missing_album;missing_release_year"
"RVTR001789","Stop Look What You'Re Doing","carla thomas","","","","3","1965-07-03","1","INCOMPLETE","100","missing_or_multiple_artist;missing_album;missing_release_year"
"RVTR001900","Thank God","kane brown","","","","42","2022-09-24","1","INCOMPLETE","100","missing_or_multiple_artist;missing_album;missing_release_year"
"RVTR001964","Eazy","The Game","","","","3","2022-01-29","1","INCOMPLETE","100","missing_or_multiple_artist;missing_album;missing_release_year"
"RVTR001994","Love Fire","jigsaw","","","","11","1976-02-07","1","INCOMPLETE","100","missing_or_multiple_artist;missing_album;missing_release_year"
"RVTR002007","The Rain The Park Other Things","The Cowsills","","","","16","1967-09-30","1","INCOMPLETE","100","missing_or_multiple_artist;missing_album;missing_release_year"
"RVTR002068","Hey Lonely One","baby washington","","","","1","1963-10-12","1","INCOMPLETE","100","missing_or_multiple_artist;missing_album;missing_release_year"
"RVTR002185","I Got A Woman","freddie scott","","","","7","1963-11-02","1","INCOMPLETE","100","missing_or_multiple_artist;missing_album;missing_release_year"
"RVTR002216","Slay3R","playboi carti","","","","1","2021-01-09","1","INCOMPLETE","100","missing_or_multiple_artist;missing_album;missing_release_year"
"RVTR002282","Right Back Where We Started From","sinitta","","","","4","1989-09-23","1","INCOMPLETE","100","missing_or_multiple_artist;missing_album;missing_release_year"
"RVTR002292","Diamond Ring","jerry wallace","","","","4","1958-12-08","1","INCOMPLETE","100","missing_or_multiple_artist;missing_album;missing_release_year"
"RVTR002319","Signs","drake","","","","6","2017-07-15","1","INCOMPLETE","100","missing_or_multiple_artist;missing_album;missing_release_year"
"RVTR002323","That'S All She Wrote","t.i","","","","5","2010-12-25","1","INCOMPLETE","100","missing_or_multiple_artist;missing_album;missing_release_year"
"RVTR002411","4 5 6","sole","","","","16","1999-10-30","1","INCOMPLETE","100","missing_or_multiple_artist;missing_album;missing_release_year"
"RVTR002416","I Put A Spell On You","alan price set","","","","3","1966-07-30","1","INCOMPLETE","100","missing_or_multiple_artist;missing_album;missing_release_year"
"RVTR002422","Best Friend","young thug","","","","20","2015-12-12","1","INCOMPLETE","100","missing_or_multiple_artist;missing_album;missing_release_year"
"RVTR002428","A Swingin' Safari","billy vaughn and his orchestra","","","","12","1962-07-21","1","INCOMPLETE","100","missing_or_multiple_artist;missing_album;missing_release_year"
"RVTR002490","Missed Opportunity","daryl hall undefined john oates","","","","11","1988-07-09","1","INCOMPLETE","100","missing_or_multiple_artist;missing_album;missing_release_year"
"RVTR002498","No Charge","melba montgomery","","","","10","1974-04-13","1","INCOMPLETE","100","missing_or_multiple_artist;missing_album;missing_release_year"
"RVTR002541","I'Ll See Him Through","tammy wynette","","","","2","1970-01-31","1","INCOMPLETE","100","missing_or_multiple_artist;missing_album;missing_release_year"
"RVTR002562","Breakthrough","bridgit mendler, adam hicks, naomi scott","","","","1","2011-05-07","1","INCOMPLETE","100","missing_or_multiple_artist;missing_album;missing_release_year"
"RVTR002771","Save Me The Trouble","dan + shay","","","","13","2023-07-29","1","INCOMPLETE","100","missing_or_multiple_artist;missing_album;missing_release_year"
"RVTR002839","Steppin' In A Slide Zone","The Moody Blues","","","","8","1978-07-29","1","INCOMPLETE","100","missing_or_multiple_artist;missing_album;missing_release_year"
"RVTR002847","Shallow","lady gaga","","","","45","2018-10-13","1","INCOMPLETE","100","missing_or_multiple_artist;missing_album;missing_release_year"
"RVTR003001","Here With Me","d4vd","","","","10","2023-01-14","1","INCOMPLETE","100","missing_or_multiple_artist;missing_album;missing_release_year"
"RVTR003062","Havin' Fun","dion","","","","6","1961-02-04","1","INCOMPLETE","100","missing_or_multiple_artist;missing_album;missing_release_year"
"RVTR003152","Ran Om","lil tecca","","","","31","2019-06-15","1","INCOMPLETE","100","missing_or_multiple_artist;missing_album;missing_release_year"
"RVTR003177","Good Thing","sage the gemini","","","","8","2015-07-04","1","INCOMPLETE","100","missing_or_multiple_artist;missing_album;missing_release_year"
"RVTR003228","If I Were You","toby beau","","","","4","1980-07-05","1","INCOMPLETE","100","missing_or_multiple_artist;missing_album;missing_release_year"
"RVTR003376","High Energy","evelyn thomas","","","","5","1984-09-29","1","INCOMPLETE","100","missing_or_multiple_artist;missing_album;missing_release_year"
"RVTR003440","Please Don'T Fight It","dino, desi","","","","7","1965-12-11","1","INCOMPLETE","100","missing_or_multiple_artist;missing_album;missing_release_year"
"RVTR003548","Con Calma","daddy yankee","","","","25","2019-02-09","1","INCOMPLETE","100","missing_or_multiple_artist;missing_album;missing_release_year"
"RVTR003571","Flow Joe","fat joe","","","","2","1993-10-09","1","INCOMPLETE","100","missing_or_multiple_artist;missing_album;missing_release_year"
"RVTR003585","Mr Perfectly Fine Taylor'S Version From The Vault","taylor swift","","","","3","2021-04-17","1","INCOMPLETE","100","missing_or_multiple_artist;missing_album;missing_release_year"
"RVTR003610","Never Had A Dream Come True","s club 7","","","","20","2001-03-03","1","INCOMPLETE","100","missing_or_multiple_artist;missing_album;missing_release_year"
"RVTR003622","Can'T Stop This Thing We Started","bryan adams","","","","20","1991-09-14","1","INCOMPLETE","100","missing_or_multiple_artist;missing_album;missing_release_year"
"RVTR003743","Orange Soda","baby keem","","","","3","2020-01-18","1","INCOMPLETE","100","missing_or_multiple_artist;missing_album;missing_release_year"
"RVTR003810","All The Love I'Ve Got","marv johnson","","","","6","1960-06-11","1","INCOMPLETE","100","missing_or_multiple_artist;missing_album;missing_release_year"
"RVTR003909","Nobody'S Love","maroon 5","","","","10","2020-08-08","1","INCOMPLETE","100","missing_or_multiple_artist;missing_album;missing_release_year"
"RVTR003964","If My Pillow Could Talk","connie francis","","","","9","1963-05-18","1","INCOMPLETE","100","missing_or_multiple_artist;missing_album;missing_release_year"
"RVTR004048","Everyone'S Agreed That Everything Will Turn Out Fine","stealers wheel","","","","8","1973-07-14","1","INCOMPLETE","100","missing_or_multiple_artist;missing_album;missing_release_year"
"RVTR004078","Everything You Do You'Re Sexing Me","fiona","","","","12","1989-11-25","1","INCOMPLETE","100","missing_or_multiple_artist;missing_album;missing_release_year"
"RVTR004081","Tgif","glorilla","","","","22","2024-07-06","1","INCOMPLETE","100","missing_or_multiple_artist;missing_album;missing_release_year"
"RVTR004091","2 Hands","tate mcrae","","","","3","2024-11-30","1","INCOMPLETE","100","missing_or_multiple_artist;missing_album;missing_release_year"
"RVTR004110","Say Say Say","paul mccartney and michael jackson","","","","22","1983-10-15","1","INCOMPLETE","100","missing_or_multiple_artist;missing_album;missing_release_year"
"RVTR004194","Fix'N To Break","bailey zimmerman","","","","1","2023-02-25","1","INCOMPLETE","100","missing_or_multiple_artist;missing_album;missing_release_year"
"RVTR004217","Holly Holy","jr. walker","","","","5","1970-12-26","1","INCOMPLETE","100","missing_or_multiple_artist;missing_album;missing_release_year"
"RVTR004261","That Thing You Do From That Thing You Do","The Wonders","","","","15","1996-10-12","1","INCOMPLETE","100","missing_or_multiple_artist;missing_album;missing_release_year"
"RVTR004306","You'Ve Lost That Lovin' Feelin'","long john baldry","","","","3","1979-08-11","1","INCOMPLETE","100","missing_or_multiple_artist;missing_album;missing_release_year"
"RVTR004410","This Gift","98 degrees","","","","3","2000-01-01","1","INCOMPLETE","100","missing_or_multiple_artist;missing_album;missing_release_year"
"RVTR004585","I Won'T Hold You Back","toto","","","","17","1983-03-12","1","INCOMPLETE","100","missing_or_multiple_artist;missing_album;missing_release_year"
"RVTR004600","House Of The Rising Sun","santa esmeralda","","","","3","1978-04-01","1","INCOMPLETE","100","missing_or_multiple_artist;missing_album;missing_release_year"
"RVTR004653","Who'S Afraid Of Virginia Woolf Part I","jimmy smith","","","","5","1964-04-25","1","INCOMPLETE","100","missing_or_multiple_artist;missing_album;missing_release_year"
"RVTR004685","I'M Livin' In Shame","diana ross","","","","8","1969-01-25","1","INCOMPLETE","100","missing_or_multiple_artist;missing_album;missing_release_year"
"RVTR004782","I'M Not Afraid","ricky nelson","","","","8","1960-09-03","1","INCOMPLETE","100","missing_or_multiple_artist;missing_album;missing_release_year"
"RVTR004813","Sometimes I Rhyme Slow","nice","","","","18","1992-05-09","1","INCOMPLETE","100","missing_or_multiple_artist;missing_album;missing_release_year"
"RVTR004814","Pero Tu","karol g","","","","1","2023-03-11","1","INCOMPLETE","100","missing_or_multiple_artist;missing_album;missing_release_year"
"RVTR004845","The Lonely One","special delivery","","","","8","1976-05-29","1","INCOMPLETE","100","missing_or_multiple_artist;missing_album;missing_release_year"
"RVTR004932","Love On The Phone","suzanne fellini","","","","2","1980-03-15","1","INCOMPLETE","100","missing_or_multiple_artist;missing_album;missing_release_year"
"RVTR004994","7 30 Guided Tour","The Five Americans","","","","2","1968-01-27","1","INCOMPLETE","100","missing_or_multiple_artist;missing_album;missing_release_year"
"RVTR005071","John Doe","public announcement","","","","3","2001-09-29","1","INCOMPLETE","100","missing_or_multiple_artist;missing_album;missing_release_year"
"RVTR005072","Born Free","The Hesitations","","","","10","1968-01-06","1","INCOMPLETE","100","missing_or_multiple_artist;missing_album;missing_release_year"
"RVTR005102","What Do You Want With Me","chad","","","","8","1965-04-10","1","INCOMPLETE","100","missing_or_multiple_artist;missing_album;missing_release_year"
"RVTR005187","Ups And Downs","paul revere","","","","8","1967-02-18","1","INCOMPLETE","100","missing_or_multiple_artist;missing_album;missing_release_year"
"RVTR005208","Manslaughter","pop smoke","","","","1","2021-07-31","1","INCOMPLETE","100","missing_or_multiple_artist;missing_album;missing_release_year"
"RVTR005235","I'M Gonna Love Her For Both Of Us","meat loaf","","","","3","1981-09-19","1","INCOMPLETE","100","missing_or_multiple_artist;missing_album;missing_release_year"
"RVTR005238","Cradle Of Love From Ford Fairlane","billy idol","","","","24","1990-05-05","1","INCOMPLETE","100","missing_or_multiple_artist;missing_album;missing_release_year"
"RVTR005241","Hibachi","roddy ricch","","","","1","2022-01-01","1","INCOMPLETE","100","missing_or_multiple_artist;missing_album;missing_release_year"
